,breed,description,temperament,popularity,min_height,max_height,min_weight,max_weight,min_expectancy,max_expectancy,group,grooming_frequency_value,grooming_frequency_category,shedding_value,shedding_category,energy_level_value,energy_level_category,trainability_value,trainability_category,demeanor_value,demeanor_category,description_length,temperament_length,text_combined
0,affenpinscher,affen apish look described many way called monkey dog ape terrier french say diablotin moustachu mustached little devil star war fan argue whether look like wookies ewoks standing less foot tall sturdy terrier like dog approach life great confidence breed train professional dog handler tell u like human befriend dense harsh coat described neat shaggy come several color gait light confident willful domineering mostly affens loyal affectionate always entertaining affen people say love owned little monkey dog affenpinscher loyal curious famously amusing almost human toy dog fearless proportion size great comedian affenpinscher apparent seriousness purpose make antic amusing,confident famously funny fearless,148,22.86,29.21,3.17514659,4.535923700000001,12.0,15.0,toy_group,0.6,2-3_times_a_week_brushing,0.6,seasonal,0.6,regular_exercise,0.8,easy_training,1.0,outgoing,159,4,affen apish look described many way called monkey dog ape terrier french say diablotin moustachu mustached little devil star war fan argue whether look like wookies ewoks standing less foot tall sturdy terrier like dog approach life great confidence breed train professional dog handler tell u like human befriend dense harsh coat described neat shaggy come several color gait light confident willful domineering mostly affens loyal affectionate always entertaining affen people say love owned little monkey dog affenpinscher loyal curious famously amusing almost human toy dog fearless proportion size great comedian affenpinscher apparent seriousness purpose make antic amusing confident famously funny fearless toy_group affenpinscher 2-3_times_a_week_brushing seasonal regular_exercise easy_training outgoing
1,afghan_hound,afghan hound ancient breed whole appearance one dignity aloofness eye gazing distance memory age past intelligent independent mind whole appearance one dignity style devoted loyal charming lively personality afghan hound athlete capable immense speed requires large fenced yard exercise daily since ancient time afghan hound famous elegant beauty thick silky flowing coat breed crowning glory show served protection harsh climate mountainous region afghan originally earned keep beneath afghan glamorous exterior powerful agile hound standing high inch shoulder built long day hunt huge paw pad acted shock absorber homeland punishing terrain afghan hound special breed special people breed expert writes breed would dog owner dog owner combination right animal equal afghan hound pet afghan hound aloof dignified aristocrat sublime beauty despite regal appearance known profound loyalty sensitive nature absolute love call,dignified profoundly loyal aristocratic,113,63.5,68.58,22.6796185,27.2155422,12.0,15.0,hound_group,0.8,daily_brushing,0.2,infrequent,0.8,energetic,0.2,may_be_stubborn,0.2,aloof/wary,235,4,afghan hound ancient breed whole appearance one dignity aloofness eye gazing distance memory age past intelligent independent mind whole appearance one dignity style devoted loyal charming lively personality afghan hound athlete capable immense speed requires large fenced yard exercise daily since ancient time afghan hound famous elegant beauty thick silky flowing coat breed crowning glory show served protection harsh climate mountainous region afghan originally earned keep beneath afghan glamorous exterior powerful agile hound standing high inch shoulder built long day hunt huge paw pad acted shock absorber homeland punishing terrain afghan hound special breed special people breed expert writes breed would dog owner dog owner combination right animal equal afghan hound pet afghan hound aloof dignified aristocrat sublime beauty despite regal appearance known profound loyalty sensitive nature absolute love call dignified profoundly loyal aristocratic hound_group afghan_hound daily_brushing infrequent energetic may_be_stubborn aloof/wary
2,airedale_terrier,airedale terrier largest terrier breed male stand inch shoulder female little less dense wiry coat tan black marking long muscular leg give airedale regal lift bearing long head sporty beard mustache dark eye neatly folded ear conveys keen intelligence airedale picture alert willing terrier bigger like smaller cousin terrier family bold determined stubborn airedale docile patient kid back protecting hearth home thanks famous attitude airedale excel kind sport family activity size strength unflagging spirit earned airedale terrier nickname king terrier airedale stand among world versatile dog breed distinguished hunter athlete companion,friendly clever courageous,60,58.42,58.42,22.6796185,31.751465900000003,11.0,14.0,terrier_group,0.6,2-3_times_a_week_brushing,0.4,occasional,0.6,regular_exercise,1.0,eager_to_please,0.8,friendly,156,3,airedale terrier largest terrier breed male stand inch shoulder female little less dense wiry coat tan black marking long muscular leg give airedale regal lift bearing long head sporty beard mustache dark eye neatly folded ear conveys keen intelligence airedale picture alert willing terrier bigger like smaller cousin terrier family bold determined stubborn airedale docile patient kid back protecting hearth home thanks famous attitude airedale excel kind sport family activity size strength unflagging spirit earned airedale terrier nickname king terrier airedale stand among world versatile dog breed distinguished hunter athlete companion friendly clever courageous terrier_group airedale_terrier 2-3_times_a_week_brushing occasional regular_exercise eager_to_please friendly
3,akita,akitas burly heavy boned spitz type dog imposing stature standing inch shoulder akitas dense coat come several color including white head broad massive balanced rear full curled tail erect ear dark shining eye contribute expression alertness hallmark breed akitas quiet fastidious dog wary stranger often intolerant animal akitas gladly share silly affectionate side family friend thrive human companionship large independent thinking akita hardwired protecting love must well socialized birth people dog akitas muscular double coated dog ancient japanese lineage famous dignity courage loyalty native land venerated family protector symbol good health happiness long life,courageous dignified profoundly loyal,47,60.96,71.12,31.751465900000003,58.9670081,10.0,13.0,working_group,0.8,daily_brushing,0.6,seasonal,0.8,energetic,1.0,eager_to_please,0.6,alert/responsive,152,4,akitas burly heavy boned spitz type dog imposing stature standing inch shoulder akitas dense coat come several color including white head broad massive balanced rear full curled tail erect ear dark shining eye contribute expression alertness hallmark breed akitas quiet fastidious dog wary stranger often intolerant animal akitas gladly share silly affectionate side family friend thrive human companionship large independent thinking akita hardwired protecting love must well socialized birth people dog akitas muscular double coated dog ancient japanese lineage famous dignity courage loyalty native land venerated family protector symbol good health happiness long life courageous dignified profoundly loyal working_group akita daily_brushing seasonal energetic eager_to_please alert/responsive
4,alaskan_malamute,alaskan malamute stand inch shoulder weighs pound everything mals suggests origin arctic sled dog heavy bone deep chest powerful shoulder dense weatherproof coat scream work hard living almond shaped brown eye affectionate sparkle suggesting mals enjoy snuggling human workday done mals pack animal family pack leader must mal respect wind owning instead way around firm loving training begin early puppyhood said well behaved mal joy playful gentle friendly great kid immensely strong heavy duty worker spitz type alaskan malamute affectionate loyal playful dignified dog recognizable well furred plumed tail carried back erect ear substantial bone,affectionate loyal playful,58,58.42,63.5,34.01942775,38.55535145,10.0,14.0,working_group,0.6,2-3_times_a_week_brushing,0.6,seasonal,0.8,energetic,0.4,independent,0.8,friendly,161,3,alaskan malamute stand inch shoulder weighs pound everything mals suggests origin arctic sled dog heavy bone deep chest powerful shoulder dense weatherproof coat scream work hard living almond shaped brown eye affectionate sparkle suggesting mals enjoy snuggling human workday done mals pack animal family pack leader must mal respect wind owning instead way around firm loving training begin early puppyhood said well behaved mal joy playful gentle friendly great kid immensely strong heavy duty worker spitz type alaskan malamute affectionate loyal playful dignified dog recognizable well furred plumed tail carried back erect ear substantial bone affectionate loyal playful working_group alaskan_malamute 2-3_times_a_week_brushing seasonal energetic independent friendly
5,american_bulldog,american bulldog descendant english bulldog believed bulldog america early th century came united state immigrant brought working bulldog small farmer rancher used around working dog many task including farm guardian stock dog catch dog breed largely survived particularly southern state due ability bring catch feral pig breed know american bulldog originally known many different name name american bulldog became standard different part south known white english southern bulldog commonly bulldog breed called bulldog certain look real bulldog work breed contact informationkatrina huffmasterphone american bulldog well balanced athletic dog demonstrate great strength endurance agility friendly attitude historically bred utility dog used working farm,loyal self confident,,50.8,63.5,27.2155422,45.359237,10.0,12.0,foundation_stock_service,0.2,occasional_bath/brush,0.6,seasonal,0.8,energetic,0.6,agreeable,0.6,alert/responsive,180,2,american bulldog descendant english bulldog believed bulldog america early th century came united state immigrant brought working bulldog small farmer rancher used around working dog many task including farm guardian stock dog catch dog breed largely survived particularly southern state due ability bring catch feral pig breed know american bulldog originally known many different name name american bulldog became standard different part south known white english southern bulldog commonly bulldog breed called bulldog certain look real bulldog work breed contact informationkatrina huffmasterphone american bulldog well balanced athletic dog demonstrate great strength endurance agility friendly attitude historically bred utility dog used working farm loyal self confident foundation_stock_service american_bulldog occasional_bath/brush seasonal energetic agreeable alert/responsive
6,american_english_coonhound,standing high inch shoulder american english coonhound deep chested sweet faced athlete beloved sportsman speed endurance stretched tightly across athletic frame medium length coat various pattern ticking head broad domed skull soft low hung ear dark brown eye glow warmth kindness american english coonhound mellow duty tenacious stubborn pursuit ring tailed prey work drive energy patience take train thing coon hunting loud ringing bark make breed bad fit house pet novice owner passionate fan american english coonhound feel without sporting outlet breed houndy virtue simply wasting good dog sleek racy lean muscular hound work dusk dawn pursuit wily raccoon sight american english coonhound tearing moonlit wood sinew determination bawling lusty night music coon hunter heaven,sweet mellow sociable,175,58.42,66.04,20.41165665,29.48350405,11.0,12.0,hound_group,0.2,occasional_bath/brush,0.4,occasional,0.8,energetic,0.6,agreeable,0.6,alert/responsive,180,3,standing high inch shoulder american english coonhound deep chested sweet faced athlete beloved sportsman speed endurance stretched tightly across athletic frame medium length coat various pattern ticking head broad domed skull soft low hung ear dark brown eye glow warmth kindness american english coonhound mellow duty tenacious stubborn pursuit ring tailed prey work drive energy patience take train thing coon hunting loud ringing bark make breed bad fit house pet novice owner passionate fan american english coonhound feel without sporting outlet breed houndy virtue simply wasting good dog sleek racy lean muscular hound work dusk dawn pursuit wily raccoon sight american english coonhound tearing moonlit wood sinew determination bawling lusty night music coon hunter heaven sweet mellow sociable hound_group american_english_coonhound occasional_bath/brush occasional energetic agreeable alert/responsive
7,american_eskimo_dog,american eskimo dog come three size standard miniature toy standing tall inch shoulder short inch distinctive trait include dense sparkling white coat lion like ruff around chest shoulder smiling face black nose lip eye rim convey keen intelligent expression plumed tail carried back eskies marking delicious color name biscuit cream move bold agile gait eskies social animal develop problem behavior neglected undertrained insist part family life among trainable breed clever kid friendly eskie practically invented phrase eager please american eskimo dog combine striking good look quick clever mind total brain beauty package neither shy aggressive eskies always alert friendly though bit conservative making new friend,playful perky smart,122,22.86,48.26,2.72155422,15.875732950000002,13.0,15.0,non-sporting_group,0.4,weekly_brushing,0.6,seasonal,0.8,energetic,1.0,eager_to_please,1.0,outgoing,157,3,american eskimo dog come three size standard miniature toy standing tall inch shoulder short inch distinctive trait include dense sparkling white coat lion like ruff around chest shoulder smiling face black nose lip eye rim convey keen intelligent expression plumed tail carried back eskies marking delicious color name biscuit cream move bold agile gait eskies social animal develop problem behavior neglected undertrained insist part family life among trainable breed clever kid friendly eskie practically invented phrase eager please american eskimo dog combine striking good look quick clever mind total brain beauty package neither shy aggressive eskies always alert friendly though bit conservative making new friend playful perky smart non-sporting_group american_eskimo_dog weekly_brushing seasonal energetic eager_to_please outgoing
8,american_foxhound,american foxhound sleek rangy hunter known speed endurance work ethic tell american foxhound apart british cousin english foxhound length leg american leg longer finely boned american slightly arched loin back end american foxhound large soft eye expression described gentle pleading far good foxhound come special consideration need lot exercise get depressed destructive foxhound single minded prey drive must managed loud bawling melodious hound lover nuisance neighbor training housebreaking independent soul steep challenge novice owner american foxhound good natured low maintenance hound get well kid dog even cat come special consideration prospective owner closely associated revolutionary hero rolling estate old virginia,independent easy going sweet tempered,186,53.34,63.5,27.2155422,31.751465900000003,11.0,13.0,hound_group,0.2,occasional_bath/brush,0.6,seasonal,0.8,energetic,0.4,independent,0.8,friendly,158,3,american foxhound sleek rangy hunter known speed endurance work ethic tell american foxhound apart british cousin english foxhound length leg american leg longer finely boned american slightly arched loin back end american foxhound large soft eye expression described gentle pleading far good foxhound come special consideration need lot exercise get depressed destructive foxhound single minded prey drive must managed loud bawling melodious hound lover nuisance neighbor training housebreaking independent soul steep challenge novice owner american foxhound good natured low maintenance hound get well kid dog even cat come special consideration prospective owner closely associated revolutionary hero rolling estate old virginia independent easy going sweet tempered hound_group american_foxhound occasional_bath/brush seasonal energetic independent friendly
9,american_hairless_terrier,american hairless terrier stand inch shoulder come coated hairless variety hairless variety might eyebrow whisker coated short shiny coat skin hairless smooth warm touch broad wedge shaped head hallmark variety erect v shaped ear frame round expressive eye gleam curiosity american hairless move jaunty pep step announces real terrier attitude hairless variety hypoallergenic dog get hairlessness though present challenge sunburn concern cold weather requires special precaution breed protective human make alert watchdog american hairless terrier louisiana native smart inquisitive playful dog come hairless coated variety fine choice allergy sufferer want dog true terrier grit courage,energetic alert curious,136,30.48,40.64,5.4431084400000005,7.25747792,14.0,16.0,terrier_group,0.4,weekly_brushing,0.6,seasonal,0.6,regular_exercise,0.6,agreeable,0.6,friendly,162,3,american hairless terrier stand inch shoulder come coated hairless variety hairless variety might eyebrow whisker coated short shiny coat skin hairless smooth warm touch broad wedge shaped head hallmark variety erect v shaped ear frame round expressive eye gleam curiosity american hairless move jaunty pep step announces real terrier attitude hairless variety hypoallergenic dog get hairlessness though present challenge sunburn concern cold weather requires special precaution breed protective human make alert watchdog american hairless terrier louisiana native smart inquisitive playful dog come hairless coated variety fine choice allergy sufferer want dog true terrier grit courage energetic alert curious terrier_group american_hairless_terrier weekly_brushing seasonal regular_exercise agreeable friendly
10,american_leopard_hound,american leopard hound medium large size dog come three pattern solid leopard brindle nine different official color variety marking however sixty percent american leopard solid colored dog breed versatile hunting variety game specie including limited raccoon bear bobcat cougar squirrel tree minded game especially tough breed also fare exceptionally well extreme weather hot cold american leopard officially organized named american leopard cur changed breed club member american leopard hound may year coming american kennel club breed contactname jackie carpenteremail plott_dog yahoo com intelligence one american leopard hound best attribute breed loving affectionate toward family extremely protective child american leopard one oldest tree dog breed u extremely strong tracking ability often able track prey mile,sociable energetic intelligent,,53.34,68.58,20.41165665,31.751465900000003,12.0,15.0,foundation_stock_service,0.4,weekly_brushing,0.6,seasonal,0.8,energetic,1.0,eager_to_please,0.6,alert/responsive,179,3,american leopard hound medium large size dog come three pattern solid leopard brindle nine different official color variety marking however sixty percent american leopard solid colored dog breed versatile hunting variety game specie including limited raccoon bear bobcat cougar squirrel tree minded game especially tough breed also fare exceptionally well extreme weather hot cold american leopard officially organized named american leopard cur changed breed club member american leopard hound may year coming american kennel club breed contactname jackie carpenteremail plott_dog yahoo com intelligence one american leopard hound best attribute breed loving affectionate toward family extremely protective child american leopard one oldest tree dog breed u extremely strong tracking ability often able track prey mile sociable energetic intelligent foundation_stock_service american_leopard_hound weekly_brushing seasonal energetic eager_to_please alert/responsive
11,american_staffordshire_terrier,amstaffs stocky muscular bull type terrier standing inch shoulder head broad jaw well defined cheekbone pronounced dark round eye set wide apart amstaff movement agile graceful springy gait advertises breed innate confidence stiff glossy coat come many color pattern amstaffers describe dog keenly aware surroundings game anything lovable personality dog around house amstaffs like mental physical challenge highly trainable many foray showbiz suggest acquiring amstaff one way go homework find responsible akc breeder american staffordshire terrier known fan amstaffs smart confident good natured companion courage proverbial responsibly bred well socialized amstaff loyal trustworthy friend end,confident smart good natured,85,43.18,48.26,18.1436948,31.751465900000003,12.0,16.0,terrier_group,0.2,occasional_bath/brush,0.4,occasional,0.6,regular_exercise,0.6,agreeable,0.6,alert/responsive,148,3,amstaffs stocky muscular bull type terrier standing inch shoulder head broad jaw well defined cheekbone pronounced dark round eye set wide apart amstaff movement agile graceful springy gait advertises breed innate confidence stiff glossy coat come many color pattern amstaffers describe dog keenly aware surroundings game anything lovable personality dog around house amstaffs like mental physical challenge highly trainable many foray showbiz suggest acquiring amstaff one way go homework find responsible akc breeder american staffordshire terrier known fan amstaffs smart confident good natured companion courage proverbial responsibly bred well socialized amstaff loyal trustworthy friend end confident smart good natured terrier_group american_staffordshire_terrier occasional_bath/brush occasional regular_exercise agreeable alert/responsive
12,american_water_spaniel,american water spaniel muscular midsize gundogs flashy look performance recognizable luscious brown coat either tightly curled wavy bred work icy water marshy bank great lake region spaniel ideally outfitted job coat dense waterproof foot thickly padded toe webbed body small enough dog hop skiff without rocking boat breed admirer describe merry intelligent versatile spaniel suited variety dog sport hunter combine working trait spaniel retriever key american water spaniel happiness activity especially alongside adored human underemployed dog barky destructive american water spaniel native lake country upper midwest upbeat outdoorsy athlete love hunt swim known happy eager charming though aloof stranger bit stubborn,eager happy charming,166,38.1,45.72,11.33980925,20.41165665,10.0,14.0,sporting_group,0.6,2-3_times_a_week_brushing,0.2,infrequent,0.6,regular_exercise,1.0,eager_to_please,0.8,friendly,177,3,american water spaniel muscular midsize gundogs flashy look performance recognizable luscious brown coat either tightly curled wavy bred work icy water marshy bank great lake region spaniel ideally outfitted job coat dense waterproof foot thickly padded toe webbed body small enough dog hop skiff without rocking boat breed admirer describe merry intelligent versatile spaniel suited variety dog sport hunter combine working trait spaniel retriever key american water spaniel happiness activity especially alongside adored human underemployed dog barky destructive american water spaniel native lake country upper midwest upbeat outdoorsy athlete love hunt swim known happy eager charming though aloof stranger bit stubborn eager happy charming sporting_group american_water_spaniel 2-3_times_a_week_brushing infrequent regular_exercise eager_to_please friendly
13,anatolian_shepherd_dog,anatolian shepherd dog stand inch shoulder weigh much pound profusely muscled nimble afoot anatolian match predator harsh terrain homeland anatolian descend oldest known domestic canine bloodline lends breed sense timelessness frill untouched quality take u back year bronze age anatolian smart devoted responsive adaptable protect flock livestock child smaller dog even family cat intensity anatolian owner must strong leader willing able handle dog dominating demanding calm loving anatolian shepherd dog rugged imposing flock guardian ancient lineage protective territorial also intelligent patient profoundly loyal muscular avenger prized working guard dog without equal,loyal independent reserved,90,68.58,73.66,36.2873896,68.0388555,11.0,13.0,working_group,0.4,weekly_brushing,0.6,seasonal,0.6,regular_exercise,0.4,independent,0.4,reserved_with_strangers,149,3,anatolian shepherd dog stand inch shoulder weigh much pound profusely muscled nimble afoot anatolian match predator harsh terrain homeland anatolian descend oldest known domestic canine bloodline lends breed sense timelessness frill untouched quality take u back year bronze age anatolian smart devoted responsive adaptable protect flock livestock child smaller dog even family cat intensity anatolian owner must strong leader willing able handle dog dominating demanding calm loving anatolian shepherd dog rugged imposing flock guardian ancient lineage protective territorial also intelligent patient profoundly loyal muscular avenger prized working guard dog without equal loyal independent reserved working_group anatolian_shepherd_dog weekly_brushing seasonal regular_exercise independent reserved_with_strangers
14,appenzeller_sennenhund,appenzeller sennenhund also known appenzeller mountain dog appenzell cattle dog lively high spirited self assured reliable fearless slightly suspicious stranger good watchdog bribed breed intelligence make highly capable learner due personality exercise need ill suited apartment living appenzeller sennenhund tri color medium sized almost squarely built balanced muscular agile make good driving watch guard house farm dog due versatility willingness excel agility obedience herding search rescue,agile versatile lively,,48.26,55.88,21.77243376,31.751465900000003,12.0,15.0,foundation_stock_service,0.4,weekly_brushing,0.8,regularly,1.0,needs_lots_of_activity,0.2,may_be_stubborn,0.4,reserved_with_strangers,101,3,appenzeller sennenhund also known appenzeller mountain dog appenzell cattle dog lively high spirited self assured reliable fearless slightly suspicious stranger good watchdog bribed breed intelligence make highly capable learner due personality exercise need ill suited apartment living appenzeller sennenhund tri color medium sized almost squarely built balanced muscular agile make good driving watch guard house farm dog due versatility willingness excel agility obedience herding search rescue agile versatile lively foundation_stock_service appenzeller_sennenhund weekly_brushing regularly needs_lots_of_activity may_be_stubborn reserved_with_strangers
15,australian_cattle_dog,standing inch shoulder australian cattle dog sturdy hard muscled herder strength agility acd born white coat turn blue gray red coat variety feature distinctive mottling specking pattern acds immense work drive excel hunting chasing course moving livestock boundless energy supple gait make excellent running partner acds true blue loyal famously smart ever alert wary stranger acd challenged easily becomes bored get mischief recommended acd owner participate dog work sport regular exercise keep mentally physically fit compact muscular australian cattle dog also called blue heeler queensland heeler related australia famous wild dog dingo resilient herder intelligent enough routinely outsmart owner,alert curious pleasant,55,43.18,50.8,15.875732950000002,22.6796185,12.0,16.0,herding_group,0.2,occasional_bath/brush,0.8,regularly,1.0,needs_lots_of_activity,0.2,may_be_stubborn,0.4,reserved_with_strangers,152,3,standing inch shoulder australian cattle dog sturdy hard muscled herder strength agility acd born white coat turn blue gray red coat variety feature distinctive mottling specking pattern acds immense work drive excel hunting chasing course moving livestock boundless energy supple gait make excellent running partner acds true blue loyal famously smart ever alert wary stranger acd challenged easily becomes bored get mischief recommended acd owner participate dog work sport regular exercise keep mentally physically fit compact muscular australian cattle dog also called blue heeler queensland heeler related australia famous wild dog dingo resilient herder intelligent enough routinely outsmart owner alert curious pleasant herding_group australian_cattle_dog occasional_bath/brush regularly needs_lots_of_activity may_be_stubborn reserved_with_strangers
16,australian_kelpie,herding dog australian kelpie intensely loyal devoted duty natural instinct aptitude working sheep whether open field enclosed yard breed originated collie type dog imported scotland developed withstand harsh heat dry condition vast open space australia australian kelpie lithe active dog capable untiring work extremely intelligent alert eager unlimited energy,loyal alert intelligent,,43.18,50.8,15.875732950000002,24.947580350000003,10.0,13.0,foundation_stock_service,0.4,weekly_brushing,0.8,regularly,0.8,energetic,1.0,eager_to_please,0.6,alert/responsive,84,3,herding dog australian kelpie intensely loyal devoted duty natural instinct aptitude working sheep whether open field enclosed yard breed originated collie type dog imported scotland developed withstand harsh heat dry condition vast open space australia australian kelpie lithe active dog capable untiring work extremely intelligent alert eager unlimited energy loyal alert intelligent foundation_stock_service australian_kelpie weekly_brushing regularly energetic eager_to_please alert/responsive
17,australian_shepherd,australian shepherd cowboy herding dog choice medium sized worker keen penetrating gaze eye aussie coat offer different look including merle mottled pattern contrasting shade blue red way picture rugged agile mover stock aussie exhibit irresistible impulse herd anything bird dog kid strong work drive make aussie much dog sedentary pet owner aussie remarkably intelligent quite capable hoodwinking unsuspecting novice owner short pet everyone looking brainy tireless trainable partner work sport search might end australian shepherd lean tough ranch dog one america story european breed perfected california way australia fixture rodeo circuit closely associated cowboy life,smart work oriented exuberant,17,45.72,58.42,18.1436948,29.48350405,12.0,15.0,herding_group,0.4,weekly_brushing,0.6,seasonal,0.8,energetic,1.0,eager_to_please,0.6,alert/responsive,156,3,australian shepherd cowboy herding dog choice medium sized worker keen penetrating gaze eye aussie coat offer different look including merle mottled pattern contrasting shade blue red way picture rugged agile mover stock aussie exhibit irresistible impulse herd anything bird dog kid strong work drive make aussie much dog sedentary pet owner aussie remarkably intelligent quite capable hoodwinking unsuspecting novice owner short pet everyone looking brainy tireless trainable partner work sport search might end australian shepherd lean tough ranch dog one america story european breed perfected california way australia fixture rodeo circuit closely associated cowboy life smart work oriented exuberant herding_group australian_shepherd weekly_brushing seasonal energetic eager_to_please alert/responsive
18,australian_stumpy_tail_cattle_dog,australian stumpy tail cattle dog australian cattle dog docked tail major structural difference breed type two breed cattle dog stumpy tail cattle dog natural bob tail breed stumpy tail pup born long tail discarded breeding program structural quality rather bred back quality natural bob tail australian stumpy tail cattle dog society united statesdenyse adam chredacds gmail comlori graham lgraham yahoo comkim mcdonald breezyacresstumpies gmail comkevin nicholson nicholson klnicholson gmail com australian stumpy tail cattle dog australian cattle dog docked tail naturally bob tailed breed stand square plenty leg length body,alert trainable comical,,43.18,50.8,14.51495584,20.41165665,12.0,15.0,foundation_stock_service,0.4,weekly_brushing,0.4,occasional,0.8,energetic,0.8,easy_training,0.6,alert/responsive,124,3,australian stumpy tail cattle dog australian cattle dog docked tail major structural difference breed type two breed cattle dog stumpy tail cattle dog natural bob tail breed stumpy tail pup born long tail discarded breeding program structural quality rather bred back quality natural bob tail australian stumpy tail cattle dog society united statesdenyse adam chredacds gmail comlori graham lgraham yahoo comkim mcdonald breezyacresstumpies gmail comkevin nicholson nicholson klnicholson gmail com australian stumpy tail cattle dog australian cattle dog docked tail naturally bob tailed breed stand square plenty leg length body alert trainable comical foundation_stock_service australian_stumpy_tail_cattle_dog weekly_brushing occasional energetic easy_training alert/responsive
19,australian_terrier,australian terrier small sturdy self confident terrier known longish torso distinctive coat furnishing around neck forequarter topknot soft silky hair contrast texture otherwise harsh coat long neck lends dash elegance rough ready terrier dark eye sparkle keen intelligence coat color blue tan solid red sandy aussie move free easy gait working dog alert watchdog said quick study training true terrier aussie love digging urge chase small furry critter never left always great fit multi dog household aussie want diminutive australian terrier plucky spirited smart fit much dog bitty package upbeat lively self assured aussie approach life plenty old time terrier curiosity grit,affectionate courageous spirited,140,25.4,27.94,6.80388555,9.0718474,11.0,15.0,terrier_group,0.4,weekly_brushing,0.2,infrequent,0.8,energetic,0.6,agreeable,0.8,friendly,159,3,australian terrier small sturdy self confident terrier known longish torso distinctive coat furnishing around neck forequarter topknot soft silky hair contrast texture otherwise harsh coat long neck lends dash elegance rough ready terrier dark eye sparkle keen intelligence coat color blue tan solid red sandy aussie move free easy gait working dog alert watchdog said quick study training true terrier aussie love digging urge chase small furry critter never left always great fit multi dog household aussie want diminutive australian terrier plucky spirited smart fit much dog bitty package upbeat lively self assured aussie approach life plenty old time terrier curiosity grit affectionate courageous spirited terrier_group australian_terrier weekly_brushing infrequent energetic agreeable friendly
20,azawakh,ancient hunting hound lean rangy bone structure musculature plainly seen beneath skin smooth shaped contour deep chest aerodynamic head mark azwakh member sighthound family canine sprinter rely keen vision blazing speed fix course prey ultrafine coat come several color pattern overall look leggy hound one elegance fineness fooled tough durable hunter chasing gazelle across scorching sand sahara thousand year tall elegant azawakh west african sighthound originates country burkina faso mali niger azawakh short fine coat may come color color combination red clear sand fawn brindled parti color may predominantly white blue black brown head may black mask may white marking leg bib tip tail color marking disqualification breed befitting heritage azawakh excels companion guardian lure courser united state,loyal independent deeply affectionate,of,59.69,73.66,14.968548210000002,24.947580350000003,12.0,15.0,hound_group,0.4,weekly_brushing,0.4,occasional,0.6,regular_exercise,0.4,independent,0.8,friendly,210,4,ancient hunting hound lean rangy bone structure musculature plainly seen beneath skin smooth shaped contour deep chest aerodynamic head mark azwakh member sighthound family canine sprinter rely keen vision blazing speed fix course prey ultrafine coat come several color pattern overall look leggy hound one elegance fineness fooled tough durable hunter chasing gazelle across scorching sand sahara thousand year tall elegant azawakh west african sighthound originates country burkina faso mali niger azawakh short fine coat may come color color combination red clear sand fawn brindled parti color may predominantly white blue black brown head may black mask may white marking leg bib tip tail color marking disqualification breed befitting heritage azawakh excels companion guardian lure courser united state loyal independent deeply affectionate hound_group azawakh weekly_brushing occasional regular_exercise independent friendly
21,barbet,defining characteristic rustic medium sized bird dog dense curly coat cover top large broad head tip curving tail coat come shade black gray brown fawn sometimes white marking breed delightfully shaggy coat amiable nature creates impression muppet come life barbet strong solidly built dog bred century keen hunter tireless swimmer barbet intelligent learn new thing quickly calm nature easy live long exercise need met archetypic water dog france barbet rustic breed medium size balanced proportion appears artwork early th century profile barbet slightly rectangular substantial head long sweeping tail long dense covering curly hair distinctive beard agile athlete barbet used primarily locate flush retrieve bird cheerful disposition social loyal,friendly bright sweet natured,of,48.26,62.23,15.875732950000002,29.48350405,12.0,14.0,sporting_group,0.4,weekly_brushing,0.2,infrequent,0.6,regular_exercise,0.6,agreeable,0.8,friendly,194,3,defining characteristic rustic medium sized bird dog dense curly coat cover top large broad head tip curving tail coat come shade black gray brown fawn sometimes white marking breed delightfully shaggy coat amiable nature creates impression muppet come life barbet strong solidly built dog bred century keen hunter tireless swimmer barbet intelligent learn new thing quickly calm nature easy live long exercise need met archetypic water dog france barbet rustic breed medium size balanced proportion appears artwork early th century profile barbet slightly rectangular substantial head long sweeping tail long dense covering curly hair distinctive beard agile athlete barbet used primarily locate flush retrieve bird cheerful disposition social loyal friendly bright sweet natured sporting_group barbet weekly_brushing infrequent regular_exercise agreeable friendly
22,basenji,basenji small graceful hound standing inch shoulder recognizable glistening short coat tightly curled tail wrinkled forehead expressive almond shaped eye convey variety subtle humanlike emotion basenji lovely sight standstill impressive yet fast trot exhibit long smooth stride mini racehorse yes true bark make feeling known odd sound described something chortle yodel basenji fastidious groom like cat called cult breed small number lucky enough one singular devotion basenji africa barkless dog compact sweet faced hunter intelligence poise unique beguiling pet best owner meet exercise need challenge training catlike canine,independent smart poised,87,40.64,43.18,9.97903214,10.88621688,13.0,14.0,hound_group,0.2,occasional_bath/brush,0.4,occasional,0.8,energetic,0.4,independent,0.4,reserved_with_strangers,157,3,basenji small graceful hound standing inch shoulder recognizable glistening short coat tightly curled tail wrinkled forehead expressive almond shaped eye convey variety subtle humanlike emotion basenji lovely sight standstill impressive yet fast trot exhibit long smooth stride mini racehorse yes true bark make feeling known odd sound described something chortle yodel basenji fastidious groom like cat called cult breed small number lucky enough one singular devotion basenji africa barkless dog compact sweet faced hunter intelligence poise unique beguiling pet best owner meet exercise need challenge training catlike canine independent smart poised hound_group basenji occasional_bath/brush occasional energetic independent reserved_with_strangers
23,basset_fauve_de_bretagne,basset fauve de bretagne also known fawn colored brittany basset small stocky rough coated hardy dog energetic fast size fauve get along well child pet training socialization must fauve get mischief nuisance barker however know rabbit run yard give hound voice chase breed happy romping field curled next family sofa smart courageous determined basset fauve de bretagne serious hunter easily adaptable different type game terrain equally excellent companion dog cheerful intelligent eager please,smart cheerful determined,,31.75,39.37,12.24699399,15.875732950000002,12.0,12.0,foundation_stock_service,0.4,weekly_brushing,0.6,seasonal,0.6,regular_exercise,0.2,may_be_stubborn,1.0,outgoing,130,3,basset fauve de bretagne also known fawn colored brittany basset small stocky rough coated hardy dog energetic fast size fauve get along well child pet training socialization must fauve get mischief nuisance barker however know rabbit run yard give hound voice chase breed happy romping field curled next family sofa smart courageous determined basset fauve de bretagne serious hunter easily adaptable different type game terrain equally excellent companion dog cheerful intelligent eager please smart cheerful determined foundation_stock_service basset_fauve_de_bretagne weekly_brushing seasonal regular_exercise may_be_stubborn outgoing
24,basset_hound,basset hound stand higher inch shoulder remarkably heavy bone powerful little leg massive paw possesses big dog strength stamen basset famous large domed head feature extremely long velvety ear mournful eye wrinkled brow give breed look sad clown built endurance speed basset move deliberate effortless manner breed scenting ability uncanny said among dog bloodhound nose accurate mild agreeable home basset stubborn trail bark loud ringing voice although may wildly demonstrative affection steadfastly loyal among appealing akc breed endearing instantly recognizable basset hound perennial favorite dog lover world low slung low key hound sometimes stubborn always charming,charming patient low key,39,38.1,38.1,18.1436948,29.48350405,12.0,13.0,hound_group,0.6,2-3_times_a_week_brushing,0.4,occasional,0.2,couch_potato,0.4,independent,0.8,friendly,165,3,basset hound stand higher inch shoulder remarkably heavy bone powerful little leg massive paw possesses big dog strength stamen basset famous large domed head feature extremely long velvety ear mournful eye wrinkled brow give breed look sad clown built endurance speed basset move deliberate effortless manner breed scenting ability uncanny said among dog bloodhound nose accurate mild agreeable home basset stubborn trail bark loud ringing voice although may wildly demonstrative affection steadfastly loyal among appealing akc breed endearing instantly recognizable basset hound perennial favorite dog lover world low slung low key hound sometimes stubborn always charming charming patient low key hound_group basset_hound 2-3_times_a_week_brushing occasional couch_potato independent friendly
25,bavarian_mountain_scent_hound,hailing germany bavarian mountain scent hound bayerischer gebirgsschweisshund native german breed notable trait outstanding cold nose tracking ability nose acute distinguish injured game hunting animal specie somewhat lightweight active medium sized breed devoted owner reserved stranger kennel dog prefers around human family bavarian mountain scent hound calm balanced devoted owner reserved stranger sound self assured unafraid biddable dog neither shy aggressive,loyal versatile reserved stranger,,43.18,52.07,16.78291769,29.937096420000003,12.0,15.0,foundation_stock_service,0.4,weekly_brushing,0.8,regularly,0.6,regular_exercise,0.6,agreeable,0.4,reserved_with_strangers,110,5,hailing germany bavarian mountain scent hound bayerischer gebirgsschweisshund native german breed notable trait outstanding cold nose tracking ability nose acute distinguish injured game hunting animal specie somewhat lightweight active medium sized breed devoted owner reserved stranger kennel dog prefers around human family bavarian mountain scent hound calm balanced devoted owner reserved stranger sound self assured unafraid biddable dog neither shy aggressive loyal versatile reserved stranger foundation_stock_service bavarian_mountain_scent_hound weekly_brushing regularly regular_exercise agreeable reserved_with_strangers
26,beagle,two beagle variety standing inch shoulder inch variety sturdy solid big inch dog folk say come pleasing color lemon red white tricolor beagle fortune adorable face big brown hazel eye set long houndy ear set low broad head breed described merry fancier beagle loving lovable happy companionable quality make excellent family dog wonder year beagle popular hound dog among american pet owner curious clever energetic hound require plenty playtime beagle excellent hunting dog loyal companion also happy go lucky funny thanks pleading expression cute bred hunt pack enjoy company generally easygoing,friendly curious merry,6,33.02,38.1,5.8967008100000005,13.6077711,10.0,15.0,hound_group,0.6,2-3_times_a_week_brushing,0.6,seasonal,0.8,energetic,0.6,agreeable,0.8,friendly,163,3,two beagle variety standing inch shoulder inch variety sturdy solid big inch dog folk say come pleasing color lemon red white tricolor beagle fortune adorable face big brown hazel eye set long houndy ear set low broad head breed described merry fancier beagle loving lovable happy companionable quality make excellent family dog wonder year beagle popular hound dog among american pet owner curious clever energetic hound require plenty playtime beagle excellent hunting dog loyal companion also happy go lucky funny thanks pleading expression cute bred hunt pack enjoy company generally easygoing friendly curious merry hound_group beagle 2-3_times_a_week_brushing seasonal energetic agreeable friendly
27,bearded_collie,standing inch shoulder covered head tail shaggy double coat beardies bear passing resemblance another british favorite old english sheepdog beneath coat beardies lean angular two lavish facial hair obscure characteristic expression dreamy faraway gaze rambunctious comic handful mostly beardies approximately pound heart energy laughter well socialized beardies get nicely animal kid bore easily training must kept interesting outdoorsy family looking sturdy dog share uptempo lifestyle never find affectionate amusing sidekick boisterous charismatic droving dog scotland shaggy coated bearded collie beardie friend enjoys outdoor exercise weather bred independent decision maker willful always friendly,smart bouncy charismatic,127,50.8,55.88,20.41165665,24.947580350000003,12.0,14.0,herding_group,0.8,daily_brushing,0.6,seasonal,0.6,regular_exercise,0.4,independent,1.0,outgoing,150,3,standing inch shoulder covered head tail shaggy double coat beardies bear passing resemblance another british favorite old english sheepdog beneath coat beardies lean angular two lavish facial hair obscure characteristic expression dreamy faraway gaze rambunctious comic handful mostly beardies approximately pound heart energy laughter well socialized beardies get nicely animal kid bore easily training must kept interesting outdoorsy family looking sturdy dog share uptempo lifestyle never find affectionate amusing sidekick boisterous charismatic droving dog scotland shaggy coated bearded collie beardie friend enjoys outdoor exercise weather bred independent decision maker willful always friendly smart bouncy charismatic herding_group bearded_collie daily_brushing seasonal regular_exercise independent outgoing
28,beauceron,beaucerons muscular rugged large standing high inch shoulder yet graceful way balanced dark black coat feature handsome squirrel red accent including red foot give breed french nickname ba rouge red stocking also seen black gray tan coat long head well chiseled dark brown eye project expression breed fancier describe frank confident novice owner might end owned dominant dog instead way around said well trained socialized beaucerons levelheaded watchdog guardian especially good young small defenseless beauceron imposing powerful also remarkably smart spirited versatile herder imagine border collie brain pound body especially beloved woman dashing sensitive companion protector,gentle faithful obedient,124,60.96,69.85,31.751465900000003,49.895160700000005,10.0,12.0,herding_group,0.6,2-3_times_a_week_brushing,1.0,frequent,1.0,needs_lots_of_activity,0.8,easy_training,0.4,reserved_with_strangers,152,3,beaucerons muscular rugged large standing high inch shoulder yet graceful way balanced dark black coat feature handsome squirrel red accent including red foot give breed french nickname ba rouge red stocking also seen black gray tan coat long head well chiseled dark brown eye project expression breed fancier describe frank confident novice owner might end owned dominant dog instead way around said well trained socialized beaucerons levelheaded watchdog guardian especially good young small defenseless beauceron imposing powerful also remarkably smart spirited versatile herder imagine border collie brain pound body especially beloved woman dashing sensitive companion protector gentle faithful obedient herding_group beauceron 2-3_times_a_week_brushing frequent needs_lots_of_activity easy_training reserved_with_strangers
29,bedlington_terrier,bedlingtons lithe energetic englishman crisp curly coat arched back tasseled ear scimitar shaped tail fleecy pear shaped head identifying feature one kind breed curvy contour indicate sighthound whippet likely family tree bedlingtons move light springy step roused pursuit run like wind rollicking charming full fun bedlingtons want family center attention known protective loved one active family looking shedding lively loyal companion search might end graceful terrier sheep clothing bedlington terrier named english mining shire first bred genial housemate alert watchdog versatile athlete irresistibly cuddly tv time companion,loyal charming frollicking,141,38.1,44.45,7.71107029,10.43262451,11.0,16.0,terrier_group,0.6,2-3_times_a_week_brushing,0.6,seasonal,0.8,energetic,0.6,agreeable,0.6,alert/responsive,126,3,bedlingtons lithe energetic englishman crisp curly coat arched back tasseled ear scimitar shaped tail fleecy pear shaped head identifying feature one kind breed curvy contour indicate sighthound whippet likely family tree bedlingtons move light springy step roused pursuit run like wind rollicking charming full fun bedlingtons want family center attention known protective loved one active family looking shedding lively loyal companion search might end graceful terrier sheep clothing bedlington terrier named english mining shire first bred genial housemate alert watchdog versatile athlete irresistibly cuddly tv time companion loyal charming frollicking terrier_group bedlington_terrier 2-3_times_a_week_brushing seasonal energetic agreeable alert/responsive
30,belgian_laekenois,four closely related belgian herder belgian sheepdog malinois tervuren laekenois laekenois rarest strong sturdy dog distinguished brother rough tousled coat come shade red fawn grayish tone blackening around muzzle point expression keen watchfulness shining dark almond shaped eye belgian laekenois protective master property although observant stranger breed affectionate friendly know well laekenois coat requires regular brushing occasional bathing working dog need daily exercise strong agile full life belgian laekenois pronounced lak wah one four native dog belgium although similar body temperament malinois shepherd tervuren laekenois differs coat color texture length well region origin,affectionate alert intelligent,,55.88,66.04,24.947580350000003,29.48350405,10.0,12.0,miscellaneous_class,0.4,weekly_brushing,0.8,regularly,0.8,energetic,0.8,easy_training,0.4,reserved_with_strangers,149,3,four closely related belgian herder belgian sheepdog malinois tervuren laekenois laekenois rarest strong sturdy dog distinguished brother rough tousled coat come shade red fawn grayish tone blackening around muzzle point expression keen watchfulness shining dark almond shaped eye belgian laekenois protective master property although observant stranger breed affectionate friendly know well laekenois coat requires regular brushing occasional bathing working dog need daily exercise strong agile full life belgian laekenois pronounced lak wah one four native dog belgium although similar body temperament malinois shepherd tervuren laekenois differs coat color texture length well region origin affectionate alert intelligent miscellaneous_class belgian_laekenois weekly_brushing regularly energetic easy_training reserved_with_strangers
31,belgian_malinois,belgian malinois squarely built proud alert herder standing inch strong well muscled elegant bulky honest frill look befit dog built work hard feed breed hallmark proud carriage head coat color range rich fawn mahogany black ear mask accentuate bright questioning eye color dark belgian chocolate ever seen mal perform obedience routine know firsthand smart eager breed problem set though people oriented dog underemployed neglected exercise plenty preferably side side adored owner key mal happiness smart confident versatile belgian malinois world class worker forge unbreakable bond human partner deny mal activity pleasure company deprive reason,confident smart hardworking,43,55.88,66.04,18.1436948,36.2873896,14.0,16.0,herding_group,0.4,weekly_brushing,0.6,seasonal,0.8,energetic,0.8,easy_training,0.4,reserved_with_strangers,165,3,belgian malinois squarely built proud alert herder standing inch strong well muscled elegant bulky honest frill look befit dog built work hard feed breed hallmark proud carriage head coat color range rich fawn mahogany black ear mask accentuate bright questioning eye color dark belgian chocolate ever seen mal perform obedience routine know firsthand smart eager breed problem set though people oriented dog underemployed neglected exercise plenty preferably side side adored owner key mal happiness smart confident versatile belgian malinois world class worker forge unbreakable bond human partner deny mal activity pleasure company deprive reason confident smart hardworking herding_group belgian_malinois weekly_brushing seasonal energetic easy_training reserved_with_strangers
32,belgian_sheepdog,stirring silhouette belgian sheepdog conveys elegance muscular determination handsome feature breed exceedingly proud carriage head neck male might stand inch shoulder female smaller dark eye sparkle questioning intelligence black coat abundant neck collarette breech hindquarter way belgian sheepdog bright eyed bushy tailed sport activity belgian always give percent turn owner tend form special bond eager workaholic one devotee put belgian inspire intense loyalty live love great passion belgian sheepdog highly trainable herder whose versatility intelligence stuff canine legend breed built hard work plenty sensitive soul crave human companionship abhor neglect,bright watchful serious minded,125,55.88,66.04,20.41165665,34.01942775,12.0,14.0,herding_group,0.6,2-3_times_a_week_brushing,0.6,seasonal,0.8,energetic,0.8,easy_training,0.4,reserved_with_strangers,157,3,stirring silhouette belgian sheepdog conveys elegance muscular determination handsome feature breed exceedingly proud carriage head neck male might stand inch shoulder female smaller dark eye sparkle questioning intelligence black coat abundant neck collarette breech hindquarter way belgian sheepdog bright eyed bushy tailed sport activity belgian always give percent turn owner tend form special bond eager workaholic one devotee put belgian inspire intense loyalty live love great passion belgian sheepdog highly trainable herder whose versatility intelligence stuff canine legend breed built hard work plenty sensitive soul crave human companionship abhor neglect bright watchful serious minded herding_group belgian_sheepdog 2-3_times_a_week_brushing seasonal energetic easy_training reserved_with_strangers
33,belgian_tervuren,belgian tervuren characterized straight abundant coat elegant muscular frame proudly carried head alert intelligent demeanor insatiable work drive tervuren coat furnishing like sporty collarette around neck profuse male run larger female intelligence high activity level challenge less creative individual may understand breed need work warns one longtime owner get idea tervurens grim mechanical worker drone fact breed take real delight ability master task owner say mischievous sense humor work whenever tervurens outsmart beloved human elegant agile belgian tervuren bright self assured herding dog medium size known affectionate possessive loved one lot hard work challenging play heaven tireless dog,courageous alert intelligent,106,55.88,66.04,20.41165665,34.01942775,12.0,14.0,herding_group,0.6,2-3_times_a_week_brushing,0.6,seasonal,0.8,energetic,0.8,easy_training,0.4,reserved_with_strangers,159,3,belgian tervuren characterized straight abundant coat elegant muscular frame proudly carried head alert intelligent demeanor insatiable work drive tervuren coat furnishing like sporty collarette around neck profuse male run larger female intelligence high activity level challenge less creative individual may understand breed need work warns one longtime owner get idea tervurens grim mechanical worker drone fact breed take real delight ability master task owner say mischievous sense humor work whenever tervurens outsmart beloved human elegant agile belgian tervuren bright self assured herding dog medium size known affectionate possessive loved one lot hard work challenging play heaven tireless dog courageous alert intelligent herding_group belgian_tervuren 2-3_times_a_week_brushing seasonal energetic easy_training reserved_with_strangers
34,bergamasco_sheepdog,beneath one kind coat large muscular shepherd dog ancient pedigree since coat breed hallmark let take close look bergamasco sheepdog hair three different texture form naturally occurring loose mat flock strand hair woven together creating flat layer felted hair covering body leg flock provide protection fierce cold wild predator italian alp breed ancestral homeland bergamascos bright loyal loving trainable dash mountain dog independence take watching loved one serene vigilance wary stranger properly introduced bergamascos aggressive last resort generally happy kid animal low maintenance robustly healthy bergamasco much show stopping hairdo eager please smart stubbornly devoted work bergamascos patient protective,independent sociable intelligent,187,55.88,59.69,25.85476509,38.10175908,13.0,15.0,herding_group,0.2,occasional_bath/brush,0.2,infrequent,0.4,calm,0.6,agreeable,0.4,reserved_with_strangers,148,3,beneath one kind coat large muscular shepherd dog ancient pedigree since coat breed hallmark let take close look bergamasco sheepdog hair three different texture form naturally occurring loose mat flock strand hair woven together creating flat layer felted hair covering body leg flock provide protection fierce cold wild predator italian alp breed ancestral homeland bergamascos bright loyal loving trainable dash mountain dog independence take watching loved one serene vigilance wary stranger properly introduced bergamascos aggressive last resort generally happy kid animal low maintenance robustly healthy bergamasco much show stopping hairdo eager please smart stubbornly devoted work bergamascos patient protective independent sociable intelligent herding_group bergamasco_sheepdog occasional_bath/brush infrequent calm agreeable reserved_with_strangers
35,berger_picard,spot berger picard mile away thanks erect ear standing inch high wavy fawn brindle coat strong tail taper distinctive j hook male stand high inch female low inch eye dark glistening rectangular head furnished shaggy eyebrow beard mustache image sagacious worldly frenchman berger picard ideal companion athletic owner rugged constitution agility boundless energy make eager partner kind sport game outdoor pastime exercise must prolonged idleness neglect likely lead sensitive super smart dog destructive behavior berger picard lanky herding dog strong bone sturdy build picards spent century take charge independent problem solver early socialization positive training necessary cope stubborn streak,loyal good natured observant,144,54.61,64.77,22.6796185,31.751465900000003,12.0,13.0,herding_group,0.2,occasional_bath/brush,0.6,seasonal,1.0,needs_lots_of_activity,0.8,easy_training,0.6,alert/responsive,159,3,spot berger picard mile away thanks erect ear standing inch high wavy fawn brindle coat strong tail taper distinctive j hook male stand high inch female low inch eye dark glistening rectangular head furnished shaggy eyebrow beard mustache image sagacious worldly frenchman berger picard ideal companion athletic owner rugged constitution agility boundless energy make eager partner kind sport game outdoor pastime exercise must prolonged idleness neglect likely lead sensitive super smart dog destructive behavior berger picard lanky herding dog strong bone sturdy build picards spent century take charge independent problem solver early socialization positive training necessary cope stubborn streak loyal good natured observant herding_group berger_picard occasional_bath/brush seasonal needs_lots_of_activity easy_training alert/responsive
36,bernese_mountain_dog,bernese mountain dog large sturdy worker stand inch shoulder thick silky moderately long coat tricolored jet black clear white rust distinctive marking coat face breed hallmark combined intelligent gleam dark eye add berner aura majestic nobility hardy dog thrives cold weather berner brain brawn helped multitask farm pasture switzerland berners get along entire family particularly gentle child often become attached one lucky human berners imposing threatening maintain aloof dignity stranger big powerful built hard work bernese mountain dog also strikingly beautiful blessed sweet affectionate nature berners generally placid always romp owner live please,good natured calm strong,22,58.42,69.85,31.751465900000003,52.16312255,7.0,10.0,working_group,0.6,2-3_times_a_week_brushing,1.0,frequent,0.8,energetic,0.8,easy_training,0.4,reserved_with_strangers,163,3,bernese mountain dog large sturdy worker stand inch shoulder thick silky moderately long coat tricolored jet black clear white rust distinctive marking coat face breed hallmark combined intelligent gleam dark eye add berner aura majestic nobility hardy dog thrives cold weather berner brain brawn helped multitask farm pasture switzerland berners get along entire family particularly gentle child often become attached one lucky human berners imposing threatening maintain aloof dignity stranger big powerful built hard work bernese mountain dog also strikingly beautiful blessed sweet affectionate nature berners generally placid always romp owner live please good natured calm strong working_group bernese_mountain_dog 2-3_times_a_week_brushing frequent energetic easy_training reserved_with_strangers
37,bichon_frise,good size bichon stand shade foot tall shoulder breed glory white hypoallergenic coat plush velvety touch featuring rounded head hair set large dark eye black leather nose lip bichons adaptable companion get well dog child alert curious bichons make nice little watchdog lover fighter operate assumption stranger friend met yet confidence size make ideal city dog bichons train nicely enjoy performing loved one finally happy go lucky bichon personality draw smile hug wherever go small sturdy resilient bichon frise stand among world great personality dog since antiquity irresistible canine comedian relied charm beauty intelligence weather history ups down,playful curious peppy,46,24.13,29.21,5.4431084400000005,8.164662660000001,14.0,15.0,non-sporting_group,1.0,specialty/professional,0.2,infrequent,0.6,regular_exercise,0.6,agreeable,1.0,outgoing,155,3,good size bichon stand shade foot tall shoulder breed glory white hypoallergenic coat plush velvety touch featuring rounded head hair set large dark eye black leather nose lip bichons adaptable companion get well dog child alert curious bichons make nice little watchdog lover fighter operate assumption stranger friend met yet confidence size make ideal city dog bichons train nicely enjoy performing loved one finally happy go lucky bichon personality draw smile hug wherever go small sturdy resilient bichon frise stand among world great personality dog since antiquity irresistible canine comedian relied charm beauty intelligence weather history ups down playful curious peppy non-sporting_group bichon_frise specialty/professional infrequent regular_exercise agreeable outgoing
38,biewer_terrier,biewer terrier pronounced beaver like little dam building animal dedicated loyal family member friend meet uncommon met smile happy go lucky dog although constant barker alert company larger life personality lighthearted childlike whimsical attitude keep entertained hour spite small stature hearty athletic able keep best long walk hike competing agility ring biewer terrier elegant longhaired tri colored toy terrier whose purpose life love loved maintain charming whimsical attitude well adulthood carrying around toy two surprising,intelligent devoted amusing,,17.78,27.94,1.81436948,3.62873896,16.0,16.0,miscellaneous_class,0.6,2-3_times_a_week_brushing,0.6,seasonal,0.4,calm,1.0,eager_to_please,1.0,outgoing,135,3,biewer terrier pronounced beaver like little dam building animal dedicated loyal family member friend meet uncommon met smile happy go lucky dog although constant barker alert company larger life personality lighthearted childlike whimsical attitude keep entertained hour spite small stature hearty athletic able keep best long walk hike competing agility ring biewer terrier elegant longhaired tri colored toy terrier whose purpose life love loved maintain charming whimsical attitude well adulthood carrying around toy two surprising intelligent devoted amusing miscellaneous_class biewer_terrier 2-3_times_a_week_brushing seasonal calm eager_to_please outgoing
39,black_and_tan_coonhound,black tan amazingly sensitive nose long velvety ear sweet disposition coal black coat feature rich tan accent including distinctive pumpkin seed keenly expressive eye big strong hound good size male stand inch shoulder cover ground effortless eager stride b t sociable hound lonely b serenade neighborhood loud mournful music b t keep pace active family also hog sofa hour end hound hound passing squirrel arouse b prey drive time flat strong leash sturdy fence must have b t might much hound lifestyle every owner large athletic hunter work night black tan coonhound friendly easygoing hound love company snoozy fireside tenacious trail wily raccoon hound real american original,easy going bright brave,138,58.42,68.58,29.48350405,49.895160700000005,10.0,12.0,hound_group,0.4,weekly_brushing,0.6,seasonal,0.6,regular_exercise,0.4,independent,0.8,friendly,164,3,black tan amazingly sensitive nose long velvety ear sweet disposition coal black coat feature rich tan accent including distinctive pumpkin seed keenly expressive eye big strong hound good size male stand inch shoulder cover ground effortless eager stride b t sociable hound lonely b serenade neighborhood loud mournful music b t keep pace active family also hog sofa hour end hound hound passing squirrel arouse b prey drive time flat strong leash sturdy fence must have b t might much hound lifestyle every owner large athletic hunter work night black tan coonhound friendly easygoing hound love company snoozy fireside tenacious trail wily raccoon hound real american original easy going bright brave hound_group black_and_tan_coonhound weekly_brushing seasonal regular_exercise independent friendly
40,black_russian_terrier,word looking imposing massive majestic plain big brawny guard dog siberian steppe tip scale pound stand high inch shoulder much taller huge brick shaped head considered tousled black coat warm enough allow brts patrol coldest habitable place earth old expression move well big guy applies nimble footed giant black russian terrier large immensely powerful worker heavy bone coarse black coat brts known courage confidence intelligence bred guard protect naturally aloof stranger,intelligent calm powerful,118,66.04,76.2,36.2873896,58.9670081,10.0,12.0,working_group,0.8,daily_brushing,0.6,seasonal,0.8,energetic,0.8,easy_training,0.4,reserved_with_strangers,121,3,word looking imposing massive majestic plain big brawny guard dog siberian steppe tip scale pound stand high inch shoulder much taller huge brick shaped head considered tousled black coat warm enough allow brts patrol coldest habitable place earth old expression move well big guy applies nimble footed giant black russian terrier large immensely powerful worker heavy bone coarse black coat brts known courage confidence intelligence bred guard protect naturally aloof stranger intelligent calm powerful working_group black_russian_terrier daily_brushing seasonal energetic easy_training reserved_with_strangers
41,bloodhound,bloodhound large substantial dog standing inch shoulder weighing pound famous feature long wrinkled face loose skin huge drooping ear warm deep set eye complete expression solemn dignity coat color black tan liver tan red powerful leg allow bloodhound scent mile punishing terrain pack dog bloodhound enjoy company including dog kid easygoing nose sometimes lead trouble strong leash long walk place enjoy sniffing around recommended bloodhound drooler obedience training sensitive sleuth challenge world famous sleuth hound one thing better creature earth find people lost hiding duty bloodhound among canine kingdom docile citizen relentless stubborn scent,friendly independent inquisitive,49,58.42,68.58,36.2873896,49.895160700000005,10.0,12.0,hound_group,0.4,weekly_brushing,0.6,seasonal,0.6,regular_exercise,0.4,independent,0.6,alert/responsive,158,3,bloodhound large substantial dog standing inch shoulder weighing pound famous feature long wrinkled face loose skin huge drooping ear warm deep set eye complete expression solemn dignity coat color black tan liver tan red powerful leg allow bloodhound scent mile punishing terrain pack dog bloodhound enjoy company including dog kid easygoing nose sometimes lead trouble strong leash long walk place enjoy sniffing around recommended bloodhound drooler obedience training sensitive sleuth challenge world famous sleuth hound one thing better creature earth find people lost hiding duty bloodhound among canine kingdom docile citizen relentless stubborn scent friendly independent inquisitive hound_group bloodhound weekly_brushing seasonal regular_exercise independent alert/responsive
42,bluetick_coonhound,bluetick speedy compact nocturnal hunter named mottled ticked black blue pattern glossy coat large male top inch pound female smaller bluetick well muscled sleek racy never chunky clumsy baying bawling chopping bark bluetick might cacophonous coon hunter music night droopy eared charm bluetick irresistible crave affection deeply devoted provide bluetick tremendous prey drive neglected underemployed coonhound outlet hardwired impulse develop problem behavior like serenading neighbor loud mournful music sleekly beautiful bluetick coonhound sweet affectionate charmer might enjoy snoozing shade pursuit quarry relentless bold single minded chart prey drive must channeled,smart devoted tenacious,130,53.34,68.58,20.41165665,36.2873896,11.0,12.0,hound_group,0.4,weekly_brushing,0.6,seasonal,0.8,energetic,0.6,agreeable,0.8,friendly,149,3,bluetick speedy compact nocturnal hunter named mottled ticked black blue pattern glossy coat large male top inch pound female smaller bluetick well muscled sleek racy never chunky clumsy baying bawling chopping bark bluetick might cacophonous coon hunter music night droopy eared charm bluetick irresistible crave affection deeply devoted provide bluetick tremendous prey drive neglected underemployed coonhound outlet hardwired impulse develop problem behavior like serenading neighbor loud mournful music sleekly beautiful bluetick coonhound sweet affectionate charmer might enjoy snoozing shade pursuit quarry relentless bold single minded chart prey drive must channeled smart devoted tenacious hound_group bluetick_coonhound weekly_brushing seasonal energetic agreeable friendly
43,boerboel,frill nonsense quality sleek coated avenger might stand high inch shoulder weigh much broad blocky head powerful jaw thick muscle neck rump mark descendant ancient molloser dog family foundation today mastiff type breed motion boerboel might agile mastiff type imposing boerboel devoted protecting people place love training socialization begin early pup becomes dominant adult trainable versatile breed eager spend time adored human still boerboel might way much dog novice owner handle boerboels intimidating discerning guardian home family learned trade protecting remote south african homestead ferocious predator dominant confident also bright eager learn,confident intelligent calm,121,55.88,68.58,68.0388555,90.718474,9.0,11.0,working_group,0.2,occasional_bath/brush,0.4,occasional,0.4,calm,0.6,agreeable,0.4,reserved_with_strangers,160,3,frill nonsense quality sleek coated avenger might stand high inch shoulder weigh much broad blocky head powerful jaw thick muscle neck rump mark descendant ancient molloser dog family foundation today mastiff type breed motion boerboel might agile mastiff type imposing boerboel devoted protecting people place love training socialization begin early pup becomes dominant adult trainable versatile breed eager spend time adored human still boerboel might way much dog novice owner handle boerboels intimidating discerning guardian home family learned trade protecting remote south african homestead ferocious predator dominant confident also bright eager learn confident intelligent calm working_group boerboel occasional_bath/brush occasional calm agreeable reserved_with_strangers
44,bohemian_shepherd,bohemian shepherd intelligent lively quick athletic breed enthusiastically welcome activity introduced making breed rather versatile succeed many arena agility dog dancing schutzhund search rescue nose work tracking pastoral work obedience therapy dog service dog breaking field coursing dock diving endurance test bohemian shepherd make excellent family dog due devotion family member adoration child breed love family also well non human member family raised bohemian shepherd club north americaemail bscnainfo gmail com bohemian shepherd intelligent lively quick athletic breed enthusiastically welcome activity introduced making breed rather versatile,friendly devoted alert intelligent,,49.022000000000006,55.118,16.78291769,27.2155422,12.0,15.0,foundation_stock_service,0.2,occasional_bath/brush,0.4,occasional,0.6,regular_exercise,0.8,easy_training,0.6,alert/responsive,134,5,bohemian shepherd intelligent lively quick athletic breed enthusiastically welcome activity introduced making breed rather versatile succeed many arena agility dog dancing schutzhund search rescue nose work tracking pastoral work obedience therapy dog service dog breaking field coursing dock diving endurance test bohemian shepherd make excellent family dog due devotion family member adoration child breed love family also well non human member family raised bohemian shepherd club north americaemail bscnainfo gmail com bohemian shepherd intelligent lively quick athletic breed enthusiastically welcome activity introduced making breed rather versatile friendly devoted alert intelligent foundation_stock_service bohemian_shepherd occasional_bath/brush occasional regular_exercise easy_training alert/responsive
45,bolognese,bolognese small stocky squarely built rather serene inactive devoted master people shy towards stranger warm quickly properly socialized prone separation anxiety bolognese well alone long period time would ill suited people workday bolo old breed known royal nobleman roman time given precious gift wealthy powerful small companion breed originating italy bolognese calm faithful dog long fluffy pure white coat playful easy going love people,playful easy going devoted,,25.4,30.48,2.4947580350000003,4.082331330000001,12.0,14.0,foundation_stock_service,0.6,2-3_times_a_week_brushing,0.2,infrequent,0.4,calm,0.6,agreeable,0.8,friendly,115,3,bolognese small stocky squarely built rather serene inactive devoted master people shy towards stranger warm quickly properly socialized prone separation anxiety bolognese well alone long period time would ill suited people workday bolo old breed known royal nobleman roman time given precious gift wealthy powerful small companion breed originating italy bolognese calm faithful dog long fluffy pure white coat playful easy going love people playful easy going devoted foundation_stock_service bolognese 2-3_times_a_week_brushing infrequent calm agreeable friendly
46,border_collie,border athletic medium sized herder standing inch shoulder overall look muscular nimble worker unspoiled passing fad rough coat smooth coat come variety color pattern almond eye focus intelligent expression intense gaze border famous herding eye breed hallmark move border among canine kingdom agile balanced durable citizen intelligence athleticism trainability border perfect outlet agility training job perform like agility herding obedience work key border happiness amiable among friend may reserved stranger remarkably bright workaholic border collie amazing dog maybe bit amazing owner without time energy mean keep occupied energetic dog settle cuddle time workday done,affectionate smart energetic,35,45.72,55.88,13.6077711,24.947580350000003,12.0,15.0,herding_group,0.6,2-3_times_a_week_brushing,0.6,seasonal,1.0,needs_lots_of_activity,1.0,eager_to_please,0.4,reserved_with_strangers,157,3,border athletic medium sized herder standing inch shoulder overall look muscular nimble worker unspoiled passing fad rough coat smooth coat come variety color pattern almond eye focus intelligent expression intense gaze border famous herding eye breed hallmark move border among canine kingdom agile balanced durable citizen intelligence athleticism trainability border perfect outlet agility training job perform like agility herding obedience work key border happiness amiable among friend may reserved stranger remarkably bright workaholic border collie amazing dog maybe bit amazing owner without time energy mean keep occupied energetic dog settle cuddle time workday done affectionate smart energetic herding_group border_collie 2-3_times_a_week_brushing seasonal needs_lots_of_activity eager_to_please reserved_with_strangers
47,border_terrier,border terrier standing inch shoulder easy recognize among small terrier unique head shape breed otter head fancier say another distinguishing trait longer leg small terrier wire coat grizzle tan blue tan wheaten red border described hard nail working home good tempered affectionate trainable border love exploring outdoors make fine childhood playmate bred country dog border adapt well city life long get plenty exercise border tend get along dog hunting instinct aroused cat squirrel cross path admirer upbeat agile border terrier cherish breed reputation tough frill working terrier plucky happy affectionate dog popular pet town country wiry coat easy keeper,affectionate happy plucky,88,30.48,38.1,5.216312255,7.030681735,12.0,15.0,terrier_group,0.4,weekly_brushing,0.4,occasional,0.6,regular_exercise,0.8,easy_training,0.8,friendly,163,3,border terrier standing inch shoulder easy recognize among small terrier unique head shape breed otter head fancier say another distinguishing trait longer leg small terrier wire coat grizzle tan blue tan wheaten red border described hard nail working home good tempered affectionate trainable border love exploring outdoors make fine childhood playmate bred country dog border adapt well city life long get plenty exercise border tend get along dog hunting instinct aroused cat squirrel cross path admirer upbeat agile border terrier cherish breed reputation tough frill working terrier plucky happy affectionate dog popular pet town country wiry coat easy keeper affectionate happy plucky terrier_group border_terrier weekly_brushing occasional regular_exercise easy_training friendly
48,borzoi,borzoi large elegant sighthounds mature male stand least inch shoulder weighs pound female smaller beneath luxurious silky coat borzoi construction follows ancient greyhound template known russian wolfhound borzoi bred swift tough enough pursue pin ferocious lupine quarry quiet catlike way stubborn training best accomplished patience consistency good humor affectionate family dog borzoi nonetheless bit dignified wholeheartedly enjoy lot roughhousing sight cat squirrel run quickly stir pursuit instinct fenced running room must among impressively beautiful dog aristocratic borzoi cherished calm agreeable temperament full stride princely package strength grace glamour flying mile per hour,affectionate loyal regally dignified,103,66.04,71.12,27.2155422,47.62719885,9.0,14.0,hound_group,0.4,weekly_brushing,0.6,seasonal,0.8,energetic,0.4,independent,0.6,alert/responsive,160,4,borzoi large elegant sighthounds mature male stand least inch shoulder weighs pound female smaller beneath luxurious silky coat borzoi construction follows ancient greyhound template known russian wolfhound borzoi bred swift tough enough pursue pin ferocious lupine quarry quiet catlike way stubborn training best accomplished patience consistency good humor affectionate family dog borzoi nonetheless bit dignified wholeheartedly enjoy lot roughhousing sight cat squirrel run quickly stir pursuit instinct fenced running room must among impressively beautiful dog aristocratic borzoi cherished calm agreeable temperament full stride princely package strength grace glamour flying mile per hour affectionate loyal regally dignified hound_group borzoi weekly_brushing seasonal energetic independent alert/responsive
49,boston_terrier,boston terrier compact short tailed well balanced little dog weighing pound stylish tuxedo coat white either black brindle seal black red cast viewed sun bright light head square muzzle short large round eye shine kindness curiosity mischief ever alert surroundings boston move jaunty rhythmic step safe bet breed named city havanese brussels griffon instance make excellent urban pet boston exception sturdy portable people oriented always brisk walk park outdoor cafe bright dog natural gift comedy dapper bostonian steady source smile boston terrier lively little companion recognized tight tuxedo jacket sporty compact body friendly glow big round eye impeccable manner earned nickname american gentleman,friendly bright amusing,21,38.1,43.18,5.4431084400000005,11.33980925,11.0,13.0,non-sporting_group,0.4,weekly_brushing,0.2,infrequent,0.6,regular_exercise,1.0,eager_to_please,1.0,outgoing,171,3,boston terrier compact short tailed well balanced little dog weighing pound stylish tuxedo coat white either black brindle seal black red cast viewed sun bright light head square muzzle short large round eye shine kindness curiosity mischief ever alert surroundings boston move jaunty rhythmic step safe bet breed named city havanese brussels griffon instance make excellent urban pet boston exception sturdy portable people oriented always brisk walk park outdoor cafe bright dog natural gift comedy dapper bostonian steady source smile boston terrier lively little companion recognized tight tuxedo jacket sporty compact body friendly glow big round eye impeccable manner earned nickname american gentleman friendly bright amusing non-sporting_group boston_terrier weekly_brushing infrequent regular_exercise eager_to_please outgoing
50,bouvier_des_flandres,standing high inch heavy bone powerful muscle beneath weatherproof coat impressive head accented beard mustache bouviers anything need barnyard pasture except milk cow yet bouviers farm equipment sterling character huge heart keen intelligence endear dog lover world bouvier work ethic must accommodated happily breed versatility allows myriad task bouviers excellent watchdog guardian eager participant dog sport especially herding trial strong willed dog best owner devote ample time space top line working dog build em like anymore burly barrel chested tousle coated dog flandres time place dog work like well dog smart steady purpose worker make excellent watchdog,affectionate courageous strong willed,84,59.69,69.85,31.751465900000003,49.895160700000005,10.0,12.0,herding_group,0.8,daily_brushing,0.6,seasonal,0.8,energetic,0.6,agreeable,0.6,alert/responsive,158,3,standing high inch heavy bone powerful muscle beneath weatherproof coat impressive head accented beard mustache bouviers anything need barnyard pasture except milk cow yet bouviers farm equipment sterling character huge heart keen intelligence endear dog lover world bouvier work ethic must accommodated happily breed versatility allows myriad task bouviers excellent watchdog guardian eager participant dog sport especially herding trial strong willed dog best owner devote ample time space top line working dog build em like anymore burly barrel chested tousle coated dog flandres time place dog work like well dog smart steady purpose worker make excellent watchdog affectionate courageous strong willed herding_group bouvier_des_flandres daily_brushing seasonal energetic agreeable alert/responsive
51,boxer,well made boxer peak condition awesome sight male stand high inch shoulder female run smaller muscle ripple beneath short tight fitting coat dark brown eye wrinkled forehead give face alert curious look coat fawn brindle white marking boxer move like athlete named smooth graceful powerful forward thrust boxer upbeat playful patience protective nature earned reputation great dog child take job watchdog family guardian seriously meet threat fearlessly boxer best exposed lot people animal early puppyhood loyalty affection intelligence work ethic good look boxer whole doggy package bright alert sometimes silly always courageous boxer among america popular dog breed long time,bright fun loving active,11,54.61,63.5,6.80388555,36.2873896,10.0,12.0,working_group,0.4,weekly_brushing,0.4,occasional,0.8,energetic,0.8,easy_training,1.0,outgoing,162,3,well made boxer peak condition awesome sight male stand high inch shoulder female run smaller muscle ripple beneath short tight fitting coat dark brown eye wrinkled forehead give face alert curious look coat fawn brindle white marking boxer move like athlete named smooth graceful powerful forward thrust boxer upbeat playful patience protective nature earned reputation great dog child take job watchdog family guardian seriously meet threat fearlessly boxer best exposed lot people animal early puppyhood loyalty affection intelligence work ethic good look boxer whole doggy package bright alert sometimes silly always courageous boxer among america popular dog breed long time bright fun loving active working_group boxer weekly_brushing occasional energetic easy_training outgoing
52,boykin_spaniel,boykins medium sized spaniel larger rangier cocker compact springer breed hallmark beautiful solid brown coat color range rich liver luscious chocolate large feathery ear hang close cheek setting expression soulful intelligence bred work lake swamp native south carolina web toed boykins swim like seal year boykins known hunter carolina waterfowl wild turkey lately wider world discovered boykin delightful home eager lake sweet dog around family longtime owner say absolute tiger field medium sized flushing retrieving dog known rich brown coat boykin spaniel avid eager merry trainable mellow housedog tenacious bird dog south carolina best kept secret,friendly eager lovable,100,35.56,45.72,11.33980925,18.1436948,10.0,15.0,sporting_group,0.6,2-3_times_a_week_brushing,0.6,seasonal,0.6,regular_exercise,1.0,eager_to_please,0.6,alert/responsive,158,3,boykins medium sized spaniel larger rangier cocker compact springer breed hallmark beautiful solid brown coat color range rich liver luscious chocolate large feathery ear hang close cheek setting expression soulful intelligence bred work lake swamp native south carolina web toed boykins swim like seal year boykins known hunter carolina waterfowl wild turkey lately wider world discovered boykin delightful home eager lake sweet dog around family longtime owner say absolute tiger field medium sized flushing retrieving dog known rich brown coat boykin spaniel avid eager merry trainable mellow housedog tenacious bird dog south carolina best kept secret friendly eager lovable sporting_group boykin_spaniel 2-3_times_a_week_brushing seasonal regular_exercise eager_to_please alert/responsive
53,bracco_italiano,tough adapted type hunting bracco italiano reliable intelligent docile easy train powerful appearance lean limb well developed muscle sculpted head english italian pointing dog bracco italiano one oldest pointing breed introduced united state remained true heritage versatile gun dog gentle home tireless field,affectionate intelligent enthusiastic,,53.34,68.58,24.947580350000003,40.8233133,10.0,14.0,miscellaneous_class,0.2,occasional_bath/brush,0.4,occasional,0.8,energetic,0.8,easy_training,0.6,alert/responsive,86,3,tough adapted type hunting bracco italiano reliable intelligent docile easy train powerful appearance lean limb well developed muscle sculpted head english italian pointing dog bracco italiano one oldest pointing breed introduced united state remained true heritage versatile gun dog gentle home tireless field affectionate intelligent enthusiastic miscellaneous_class bracco_italiano occasional_bath/brush occasional energetic easy_training alert/responsive
54,braque_du_bourbonnais,bourbonnais ancient breed evolved france th century historic province bourbonnais breed known amongst french hunter tailless pointer distinctive fawn liver ticking braque du bourbonnais gained strong foothold north america year pup registered united state homeland france english bourbonnais pointing dog kind affectionate home serious adaptable intelligent hunter field club contact detailsclub braque du bourbonnais club americaname cindy petkwitzemail villagelock comcast netaddress hollywood grosse pointe mi phone pronounced brock bor bon nay pointer calm gentle demeanor ideally suited foot hunter breed relatively small size short coat well suit ideal home companion family hunt,affectionate adaptable gentle,,48.26,57.15,15.875732950000002,24.04039561,10.0,12.0,foundation_stock_service,0.2,occasional_bath/brush,0.6,seasonal,0.6,regular_exercise,1.0,eager_to_please,0.6,alert/responsive,152,3,bourbonnais ancient breed evolved france th century historic province bourbonnais breed known amongst french hunter tailless pointer distinctive fawn liver ticking braque du bourbonnais gained strong foothold north america year pup registered united state homeland france english bourbonnais pointing dog kind affectionate home serious adaptable intelligent hunter field club contact detailsclub braque du bourbonnais club americaname cindy petkwitzemail villagelock comcast netaddress hollywood grosse pointe mi phone pronounced brock bor bon nay pointer calm gentle demeanor ideally suited foot hunter breed relatively small size short coat well suit ideal home companion family hunt affectionate adaptable gentle foundation_stock_service braque_du_bourbonnais occasional_bath/brush seasonal regular_exercise eager_to_please alert/responsive
55,braque_francais_pyrenean,braque francais pyrenean well proportioned medium sized dog soft shorthaired coat bred hunt rugged arid pyrenees mountain range border france spain breed date back hundred year considered common ancestor today shorthaired pointing breed actually two type braque francais gascony type pyrenean type braque francais pyrenean smaller popular two natural retrieve instinct love water gentle friendly sociable submissive braque francais pyrenean rustic breed hail france english french pointing dog pyrenean type,friendly smart willing please,,46.99,58.42,18.1436948,24.947580350000003,12.0,14.0,foundation_stock_service,0.2,occasional_bath/brush,0.6,seasonal,1.0,needs_lots_of_activity,0.6,agreeable,0.6,friendly,120,5,braque francais pyrenean well proportioned medium sized dog soft shorthaired coat bred hunt rugged arid pyrenees mountain range border france spain breed date back hundred year considered common ancestor today shorthaired pointing breed actually two type braque francais gascony type pyrenean type braque francais pyrenean smaller popular two natural retrieve instinct love water gentle friendly sociable submissive braque francais pyrenean rustic breed hail france english french pointing dog pyrenean type friendly smart willing please foundation_stock_service braque_francais_pyrenean occasional_bath/brush seasonal needs_lots_of_activity agreeable friendly
56,briard,briard herder known wavy coat either gray tawny black impressive head topped peek boo hairdo parted naturally middle luxurious beard eyebrow accentuate expression described frank questioning standing inch shoulder briard burly rugged move nimble footed gait possess trait common many herder trainability brain protective eye toward family especially kid regard flock wariness outsider large tireless dog said two three briard handle head sheep novice owner might overwhelmed work drive zest life briard pack much loyalty love spirit ample frame often described heart wrapped fur dashing good look muscular frenchman radiate distinct aura gallic romance elegance,confident smart faithful,132,55.88,68.58,24.947580350000003,45.359237,12.0,12.0,herding_group,0.8,daily_brushing,0.2,infrequent,0.6,regular_exercise,0.4,independent,0.4,reserved_with_strangers,159,3,briard herder known wavy coat either gray tawny black impressive head topped peek boo hairdo parted naturally middle luxurious beard eyebrow accentuate expression described frank questioning standing inch shoulder briard burly rugged move nimble footed gait possess trait common many herder trainability brain protective eye toward family especially kid regard flock wariness outsider large tireless dog said two three briard handle head sheep novice owner might overwhelmed work drive zest life briard pack much loyalty love spirit ample frame often described heart wrapped fur dashing good look muscular frenchman radiate distinct aura gallic romance elegance confident smart faithful herding_group briard daily_brushing infrequent regular_exercise independent reserved_with_strangers
57,brittany,brittany smaller setter leggier spaniel standing inch shoulder beautiful boldly patterned coat come combination white vivid orange liver reddish brown rugged strong smooth clean quick afoot face softness prized bird dog lover high set ear convey breed essential eagerness zeal versatility make brittany peerless hunter channeled dog sport obedience agility flyball dock diving name trainable breed brittany nice fit seeking purpose hunting partner dog sport teammate companion sync upbeat outdoorsy family life sportsman side atlantic cherish agile energetic brittany stylish versatile gundog bright eager home tireless afield brittany require lot exercise preferably favorite human,bright fun loving upbeat,26,44.45,52.07,13.6077711,18.1436948,12.0,14.0,sporting_group,0.6,2-3_times_a_week_brushing,0.6,seasonal,1.0,needs_lots_of_activity,1.0,eager_to_please,0.8,friendly,151,3,brittany smaller setter leggier spaniel standing inch shoulder beautiful boldly patterned coat come combination white vivid orange liver reddish brown rugged strong smooth clean quick afoot face softness prized bird dog lover high set ear convey breed essential eagerness zeal versatility make brittany peerless hunter channeled dog sport obedience agility flyball dock diving name trainable breed brittany nice fit seeking purpose hunting partner dog sport teammate companion sync upbeat outdoorsy family life sportsman side atlantic cherish agile energetic brittany stylish versatile gundog bright eager home tireless afield brittany require lot exercise preferably favorite human bright fun loving upbeat sporting_group brittany 2-3_times_a_week_brushing seasonal needs_lots_of_activity eager_to_please friendly
58,broholmer,large mastiff type dog broholmer rectangular strongly built wide massive head around year danish dog book described ordinary breed especially around copenhagen nickname butcher dog often seen lying doorstep butcher shop protector home herder guard dog cattle farm city market today size thing keep intruder bay broholmer heart gold love snuggle always want near though preference sit excellent dog child dog though seems underestimate size supervision recommended breed also remarkably agile size agility fetch ball jump catch frisbee anything camping hiking picnicking walk park happy go along club contact detailsbroholmer club usaname kathy kimmethemail amberdogs new rr comphone text calm good natured yet watchful confident broholmer hail denmark make great family companion,friendly watchful loving,,69.85,74.93,40.8233133,68.0388555,8.0,10.0,foundation_stock_service,0.2,occasional_bath/brush,0.6,seasonal,0.4,calm,0.6,agreeable,0.6,friendly,205,3,large mastiff type dog broholmer rectangular strongly built wide massive head around year danish dog book described ordinary breed especially around copenhagen nickname butcher dog often seen lying doorstep butcher shop protector home herder guard dog cattle farm city market today size thing keep intruder bay broholmer heart gold love snuggle always want near though preference sit excellent dog child dog though seems underestimate size supervision recommended breed also remarkably agile size agility fetch ball jump catch frisbee anything camping hiking picnicking walk park happy go along club contact detailsbroholmer club usaname kathy kimmethemail amberdogs new rr comphone text calm good natured yet watchful confident broholmer hail denmark make great family companion friendly watchful loving foundation_stock_service broholmer occasional_bath/brush seasonal calm agreeable friendly
59,brussels_griffon,breed get big personality pound package one look big human like eye smitten griffs come four color red black reddish brown called belge black tan black smooth coat like pug rough coat like schnauzer black muzzle whisker earned nickname bearded dog old folk song griff big black eye described almost human coupled fringed beard mustache covering short muzzle give air worldly french speaking philosopher griff body thickset sturdy move purposeful trot fellow know want griffs alert sociable easily trained although playful energetic small size sensitive nature make poor choice roughhousing playmate kid low threshold loneliness stick close special human providing year love laughter tipping scale pound human like toy complex character enough personality ordinary dog sensitive companion discerning grownup brussels griffon smart devoted comically self important,loyal alert curious,98,17.78,25.4,3.62873896,4.535923700000001,12.0,15.0,toy_group,0.6,2-3_times_a_week_brushing,0.6,seasonal,0.6,regular_exercise,0.6,agreeable,0.8,friendly,195,3,breed get big personality pound package one look big human like eye smitten griffs come four color red black reddish brown called belge black tan black smooth coat like pug rough coat like schnauzer black muzzle whisker earned nickname bearded dog old folk song griff big black eye described almost human coupled fringed beard mustache covering short muzzle give air worldly french speaking philosopher griff body thickset sturdy move purposeful trot fellow know want griffs alert sociable easily trained although playful energetic small size sensitive nature make poor choice roughhousing playmate kid low threshold loneliness stick close special human providing year love laughter tipping scale pound human like toy complex character enough personality ordinary dog sensitive companion discerning grownup brussels griffon smart devoted comically self important loyal alert curious toy_group brussels_griffon 2-3_times_a_week_brushing seasonal regular_exercise agreeable friendly
60,bull_terrier,bull terrier robust big boned terrier move jaunty stride suggesting agility power breed hallmark long egg shaped head erect pointed ear small triangular eye glisten good humor coat come two type white color including attractive brindle striping either solid white marking well made bt picture muscular determination balance four key bt happiness early socialization dog people firm loving training ample exercise lot quality time adored human requirement met loyal lovable entertaining companion ultimate personality breed among comical mischievous citizen dogdom bull terrier playful endearing sometimes stubborn always devoted unique egghead exuberant muscular companion thrive affection exercise,playful charming mischievous,62,53.34,55.88,22.6796185,31.751465900000003,12.0,13.0,terrier_group,0.4,weekly_brushing,0.6,seasonal,0.8,energetic,0.4,independent,0.8,friendly,152,3,bull terrier robust big boned terrier move jaunty stride suggesting agility power breed hallmark long egg shaped head erect pointed ear small triangular eye glisten good humor coat come two type white color including attractive brindle striping either solid white marking well made bt picture muscular determination balance four key bt happiness early socialization dog people firm loving training ample exercise lot quality time adored human requirement met loyal lovable entertaining companion ultimate personality breed among comical mischievous citizen dogdom bull terrier playful endearing sometimes stubborn always devoted unique egghead exuberant muscular companion thrive affection exercise playful charming mischievous terrier_group bull_terrier weekly_brushing seasonal energetic independent friendly
61,bulldog,mistake bulldog breed loose skin head furrowed brow pushed nose small ear undershot jaw hanging chop either side distinctive rolling gait practically scream bulldog coat seen variety color pattern short smooth glossy bulldog weigh pound stop curling lap least trying mistake easygoing way laziness bulldog enjoy brisk walk need regular moderate exercise along careful diet stay trim summer afternoon best spent air conditioned room bulldog short snout cause labored breathing hot humid weather kind courageous friendly dignified bulldog thick set low slung well muscled bruiser whose sourmug face universal symbol courage tenacity docile loyal companion adapt well town country,friendly courageous calm,5,35.56,38.1,18.1436948,22.6796185,8.0,10.0,non-sporting_group,0.6,2-3_times_a_week_brushing,0.8,regularly,0.6,regular_exercise,0.6,agreeable,0.8,friendly,160,3,mistake bulldog breed loose skin head furrowed brow pushed nose small ear undershot jaw hanging chop either side distinctive rolling gait practically scream bulldog coat seen variety color pattern short smooth glossy bulldog weigh pound stop curling lap least trying mistake easygoing way laziness bulldog enjoy brisk walk need regular moderate exercise along careful diet stay trim summer afternoon best spent air conditioned room bulldog short snout cause labored breathing hot humid weather kind courageous friendly dignified bulldog thick set low slung well muscled bruiser whose sourmug face universal symbol courage tenacity docile loyal companion adapt well town country friendly courageous calm non-sporting_group bulldog 2-3_times_a_week_brushing regularly regular_exercise agreeable friendly
62,bullmastiff,bullmastiff quite large close cousin mastiff still standing high inch shoulder weighing pound still whole lot dog first impression made bullmastiff size large broad head conveys breed essence dark eye high set v shaped ear broad deep muzzle combine present intelligence alertness confidence make bullmastiff world class protector family companion coat come fawn red brindle biddable reliable creature large guarding dog owner must begin training socialization early puppy still small enough control fearless work docile home bullmastiff large muscular guarder pursued held poacher merry old england merry suppose everyone poacher bullmastiffs result bulldog mastiff cross,affectionate loyal brave,51,60.96,68.58,45.359237,58.9670081,7.0,9.0,working_group,0.2,occasional_bath/brush,0.6,seasonal,0.8,energetic,0.6,agreeable,0.6,alert/responsive,158,3,bullmastiff quite large close cousin mastiff still standing high inch shoulder weighing pound still whole lot dog first impression made bullmastiff size large broad head conveys breed essence dark eye high set v shaped ear broad deep muzzle combine present intelligence alertness confidence make bullmastiff world class protector family companion coat come fawn red brindle biddable reliable creature large guarding dog owner must begin training socialization early puppy still small enough control fearless work docile home bullmastiff large muscular guarder pursued held poacher merry old england merry suppose everyone poacher bullmastiffs result bulldog mastiff cross affectionate loyal brave working_group bullmastiff occasional_bath/brush seasonal energetic agreeable alert/responsive
63,cairn_terrier,cairn unique quality called cairnishness include short wide head free moving short legged body exudes strength heaviness topping inch high inch long double coat harsh wiry top downy beneath cairn present small shaggy alert dog head tail ear eye shining intelligence british breed club promotes cairn best little pal world cairn small enough lap top snuggle sturdy enough good romp lawn best lot close family contact owner cherish terrier quality gameness independent thinking true blue loyalty breed cairn terrier happy busy little earthdogs originally bred fearlessly root fox small furred prey rocky scottish countryside curious alert cairn like place explore dig,alert cheerful busy,69,24.13,25.4,5.8967008100000005,6.35029318,13.0,15.0,terrier_group,0.4,weekly_brushing,0.4,occasional,0.6,regular_exercise,0.6,agreeable,0.8,friendly,163,3,cairn unique quality called cairnishness include short wide head free moving short legged body exudes strength heaviness topping inch high inch long double coat harsh wiry top downy beneath cairn present small shaggy alert dog head tail ear eye shining intelligence british breed club promotes cairn best little pal world cairn small enough lap top snuggle sturdy enough good romp lawn best lot close family contact owner cherish terrier quality gameness independent thinking true blue loyalty breed cairn terrier happy busy little earthdogs originally bred fearlessly root fox small furred prey rocky scottish countryside curious alert cairn like place explore dig alert cheerful busy terrier_group cairn_terrier weekly_brushing occasional regular_exercise agreeable friendly
64,canaan_dog,canaan dog lean bushy tailed dog standing inch shoulder coat straight harsh come various color pattern erect expressive ear dark almond eye convey inquisitive expression canaan move brisk natural trot rugged agile apparently tireless making nice fit hiker runner canaan clever confident territorial end owning passive owner establish top dog family pack early training socialization key positive method applied ancient wonder dog train beautifully agility obedience herding trial sentry duty outlet work ethic one akc oldest breed canaan dog national dog israel quick medium sized pasture dog docile family aloof stranger ever alert canaan vocal persistent guardian flock home,confident alert vigilant,179,48.26,60.96,15.875732950000002,24.947580350000003,12.0,15.0,herding_group,0.4,weekly_brushing,1.0,frequent,0.6,regular_exercise,0.4,independent,0.4,reserved_with_strangers,155,3,canaan dog lean bushy tailed dog standing inch shoulder coat straight harsh come various color pattern erect expressive ear dark almond eye convey inquisitive expression canaan move brisk natural trot rugged agile apparently tireless making nice fit hiker runner canaan clever confident territorial end owning passive owner establish top dog family pack early training socialization key positive method applied ancient wonder dog train beautifully agility obedience herding trial sentry duty outlet work ethic one akc oldest breed canaan dog national dog israel quick medium sized pasture dog docile family aloof stranger ever alert canaan vocal persistent guardian flock home confident alert vigilant herding_group canaan_dog weekly_brushing frequent regular_exercise independent reserved_with_strangers
65,cane_corso,nearly inch shoulder often weighing pound large head alert expression muscle rippling beneath short stiff coat corsi glance intimidating creature imposing appearance first line defense intruder one writer put understated air cool competence kind demeanor expect professional bodyguard breed trademark corsi intelligent loyal eager please versatile intensely loyal human also assertive willful end owning unwitting owner big guardian dog responsible breeding early socialization people dog vital smart trainable noble bearing assertive confident cane corso peerless protector corso lineage go back ancient roman time breed name roughly translates latin bodyguard dog,affectionate intelligent majestic,32,59.69,69.85,0.0,0.0,9.0,12.0,working_group,0.2,occasional_bath/brush,0.4,occasional,0.8,energetic,0.6,agreeable,0.6,alert/responsive,154,3,nearly inch shoulder often weighing pound large head alert expression muscle rippling beneath short stiff coat corsi glance intimidating creature imposing appearance first line defense intruder one writer put understated air cool competence kind demeanor expect professional bodyguard breed trademark corsi intelligent loyal eager please versatile intensely loyal human also assertive willful end owning unwitting owner big guardian dog responsible breeding early socialization people dog vital smart trainable noble bearing assertive confident cane corso peerless protector corso lineage go back ancient roman time breed name roughly translates latin bodyguard dog affectionate intelligent majestic working_group cane_corso occasional_bath/brush occasional energetic agreeable alert/responsive
66,cardigan_welsh_corgi,long low set dog sturdy bone short leg deep chest cardigan powerful worker deceptive speed grace cardis weigh anywhere pound female lower end scale come several coat color red popular blue merle pattern quickest way distinguish cardis cousin pembroke welsh corgi check hindquarter cardigan tail pembroke cardis trainable faithful vigilant guardian big dog bark well socialized cardis especially fond kid agreeable pet athletic rugged herder love outdoors thrive mental stimulation physical activity cardigan welsh corgi masterpiece breeder art every aspect makeup perfectly suited moving cattle yet congenial sweet faced would cherished companion even never day work,affectionate loyal smart,68,26.67,31.75,11.33980925,17.23651006,12.0,15.0,herding_group,0.4,weekly_brushing,0.6,seasonal,0.8,energetic,0.6,agreeable,0.6,alert/responsive,163,3,long low set dog sturdy bone short leg deep chest cardigan powerful worker deceptive speed grace cardis weigh anywhere pound female lower end scale come several coat color red popular blue merle pattern quickest way distinguish cardis cousin pembroke welsh corgi check hindquarter cardigan tail pembroke cardis trainable faithful vigilant guardian big dog bark well socialized cardis especially fond kid agreeable pet athletic rugged herder love outdoors thrive mental stimulation physical activity cardigan welsh corgi masterpiece breeder art every aspect makeup perfectly suited moving cattle yet congenial sweet faced would cherished companion even never day work affectionate loyal smart herding_group cardigan_welsh_corgi weekly_brushing seasonal energetic agreeable alert/responsive
67,carolina_dog,carolina dog descended canine accompanied paleo indian traveled asia north america bering land bridge today still found living wild near georgia south carolina border also seen far north ohio pennsylvania far west arizona rural area common denominator typical carolina dog pointed ear fox like snout tail curve like fishhook raised look similar australian dingo taxonomically fall canis familiaris hesitant stranger sound alarm unaware door see people ecstatic carolina dog extreme pack mentality necessity survival wild club contact detailsclub carolina dog club americaname lane watkins presidentemail president thecarolinadogclubofamerica com carolina dog generally shy suspicious nature dog accepts human pack behavior disappear toward human sighthound medium build general appearance jackal wolf,loyal independent reserved stranger,,45.085,49.53,13.6077711,24.947580350000003,12.0,14.0,foundation_stock_service,0.2,occasional_bath/brush,0.6,seasonal,0.6,regular_exercise,1.0,eager_to_please,0.6,alert/responsive,188,5,carolina dog descended canine accompanied paleo indian traveled asia north america bering land bridge today still found living wild near georgia south carolina border also seen far north ohio pennsylvania far west arizona rural area common denominator typical carolina dog pointed ear fox like snout tail curve like fishhook raised look similar australian dingo taxonomically fall canis familiaris hesitant stranger sound alarm unaware door see people ecstatic carolina dog extreme pack mentality necessity survival wild club contact detailsclub carolina dog club americaname lane watkins presidentemail president thecarolinadogclubofamerica com carolina dog generally shy suspicious nature dog accepts human pack behavior disappear toward human sighthound medium build general appearance jackal wolf loyal independent reserved stranger foundation_stock_service carolina_dog occasional_bath/brush seasonal regular_exercise eager_to_please alert/responsive
68,catahoula_leopard_dog,catahoula leopard dog medium large short coated dog known many varied coat eye color pattern word catahoula choctaw origin translated mean sacred lake catahoulas breed dog historically originated state louisiana breed requires firm guidance early socialization independent territorial protective reason allow mistreatment assert self defense know place family unit affectionate loyal gentle also called catahoula hog dog used stock dog bay dog tree dog watchdog guard dog course loyal companion catahoula leopard dog multi purpose working dog well muscled powerful sense agility endurance serious working playful home,loyal independent watchful,,55.88,60.96,22.6796185,43.09127515,10.0,14.0,foundation_stock_service,0.4,weekly_brushing,0.6,seasonal,1.0,needs_lots_of_activity,0.4,independent,0.4,reserved_with_strangers,152,3,catahoula leopard dog medium large short coated dog known many varied coat eye color pattern word catahoula choctaw origin translated mean sacred lake catahoulas breed dog historically originated state louisiana breed requires firm guidance early socialization independent territorial protective reason allow mistreatment assert self defense know place family unit affectionate loyal gentle also called catahoula hog dog used stock dog bay dog tree dog watchdog guard dog course loyal companion catahoula leopard dog multi purpose working dog well muscled powerful sense agility endurance serious working playful home loyal independent watchful foundation_stock_service catahoula_leopard_dog weekly_brushing seasonal needs_lots_of_activity independent reserved_with_strangers
69,caucasian_shepherd_dog,caucasian shepherd dog used century protect property trespasser guard livestock large small predator wolf coyote many duty modern day especially west commonly companion watchdog great variety type among caucasian dog depending home region almost century two breed type standard mountain type long coated heavier body mass steppe type shorter coated dog lighter body mass name breed include caucasian ovcharka caucasian sheepdog kawkasky owtscharka kaukasische schaferhund caucasian shepherd dog serious guardian breed never taken lightly caucasian bold fearless self confident fierce threat present soft devoted kind endearing family including family pet,fearless bold kind,,58.42,76.2,44.905644630000005,77.1107029,10.0,12.0,foundation_stock_service,0.6,2-3_times_a_week_brushing,0.8,regularly,0.4,calm,0.4,independent,0.2,aloof/wary,152,3,caucasian shepherd dog used century protect property trespasser guard livestock large small predator wolf coyote many duty modern day especially west commonly companion watchdog great variety type among caucasian dog depending home region almost century two breed type standard mountain type long coated heavier body mass steppe type shorter coated dog lighter body mass name breed include caucasian ovcharka caucasian sheepdog kawkasky owtscharka kaukasische schaferhund caucasian shepherd dog serious guardian breed never taken lightly caucasian bold fearless self confident fierce threat present soft devoted kind endearing family including family pet fearless bold kind foundation_stock_service caucasian_shepherd_dog 2-3_times_a_week_brushing regularly calm independent aloof/wary
70,cavalier_king_charles_spaniel,cavalier around beauty regal grace even temper mark one dogdom nobleman toy spaniel inch high cavalier draw face sweet gentle melting expression emanating large round eye breed hallmark another silky richly colored coat one four distinct variety cavalier may aristocrat gladly descend royal high horse backyard frolic squirrel chase get along nicely child dog adaptable cavalier equally well active owner homebody upbeat athlete shameless couch potato depending owner lifestyle cavalier king charles spaniel wear connection british history breed name cavalier best two world combining gentle attentiveness toy breed verve athleticism sporting spaniel,affectionate gentle graceful,18,30.48,33.02,5.8967008100000005,8.164662660000001,12.0,15.0,toy_group,0.4,weekly_brushing,0.4,occasional,0.4,calm,1.0,eager_to_please,0.8,friendly,152,3,cavalier around beauty regal grace even temper mark one dogdom nobleman toy spaniel inch high cavalier draw face sweet gentle melting expression emanating large round eye breed hallmark another silky richly colored coat one four distinct variety cavalier may aristocrat gladly descend royal high horse backyard frolic squirrel chase get along nicely child dog adaptable cavalier equally well active owner homebody upbeat athlete shameless couch potato depending owner lifestyle cavalier king charles spaniel wear connection british history breed name cavalier best two world combining gentle attentiveness toy breed verve athleticism sporting spaniel affectionate gentle graceful toy_group cavalier_king_charles_spaniel weekly_brushing occasional calm eager_to_please friendly
71,central_asian_shepherd_dog,central asian shepherd dog natural protective breed require non stop observance life dog first time dog owner formed breed natural selection four thousand year vast territory spread nowadays caspian sea china southern ural afghanistan central asian shepherd dog self assured balanced quiet proud independent courageous high working capacity endurance natural instinct territory breed known fearlessness towards large predator,independent courageous self confident,,64.77,69.85,39.91612856,49.895160700000005,12.0,14.0,foundation_stock_service,0.2,occasional_bath/brush,0.6,seasonal,0.4,calm,0.4,independent,0.2,aloof/wary,100,3,central asian shepherd dog natural protective breed require non stop observance life dog first time dog owner formed breed natural selection four thousand year vast territory spread nowadays caspian sea china southern ural afghanistan central asian shepherd dog self assured balanced quiet proud independent courageous high working capacity endurance natural instinct territory breed known fearlessness towards large predator independent courageous self confident foundation_stock_service central_asian_shepherd_dog occasional_bath/brush seasonal calm independent aloof/wary
72,cesky_terrier,ceskys muscular short legged handsome hunter standing taller inch shoulder fine silky coat come several shade gray including stunning platinum wavy facial hair give ceskys sporty continental look medium long neck lends dash elegance game unspoiled working terrier ceskys determined prey driven earthdog mellower typical terrier wary stranger protective loved one good watchdog without particularly yappy train well want please catch scarce breed living america wonderful family dog lucky enough find one cesky terrier national dog czech republic clever adventurous playmate kid eager walking buddy folk tenacious work little laid back tractable usual terrier,clever adventurous family oriented,185,25.4,33.02,6.35029318,10.88621688,12.0,15.0,terrier_group,0.4,weekly_brushing,0.4,occasional,0.6,regular_exercise,0.6,agreeable,0.4,reserved_with_strangers,160,3,ceskys muscular short legged handsome hunter standing taller inch shoulder fine silky coat come several shade gray including stunning platinum wavy facial hair give ceskys sporty continental look medium long neck lends dash elegance game unspoiled working terrier ceskys determined prey driven earthdog mellower typical terrier wary stranger protective loved one good watchdog without particularly yappy train well want please catch scarce breed living america wonderful family dog lucky enough find one cesky terrier national dog czech republic clever adventurous playmate kid eager walking buddy folk tenacious work little laid back tractable usual terrier clever adventurous family oriented terrier_group cesky_terrier weekly_brushing occasional regular_exercise agreeable reserved_with_strangers
73,chesapeake_bay_retriever,chessies strong powerfully built gundogs standing anywhere inch shoulder male weigh pound distinctive breed trait wavy coat oily touch chessies solid colored either chocolatey brown sedge deadgrass keen yellow amber eye nicely complement coat chessies emotionally complex usual gundog chessies take training mind tenaciously pursue path protective human polite overtly friendly stranger chessies make excellent watchdog versatile athlete well socialized chessie confident companion world class hunting buddy chesapeake bay retriever peerless duck dog mid atlantic american original embodies classic trait good retriever loyal upbeat affectionate tireless chessie famous waterproof coat,affectionate bright sensitive,45,53.34,66.04,24.947580350000003,36.2873896,10.0,13.0,sporting_group,0.6,2-3_times_a_week_brushing,0.8,regularly,0.8,energetic,0.6,agreeable,0.4,reserved_with_strangers,152,3,chessies strong powerfully built gundogs standing anywhere inch shoulder male weigh pound distinctive breed trait wavy coat oily touch chessies solid colored either chocolatey brown sedge deadgrass keen yellow amber eye nicely complement coat chessies emotionally complex usual gundog chessies take training mind tenaciously pursue path protective human polite overtly friendly stranger chessies make excellent watchdog versatile athlete well socialized chessie confident companion world class hunting buddy chesapeake bay retriever peerless duck dog mid atlantic american original embodies classic trait good retriever loyal upbeat affectionate tireless chessie famous waterproof coat affectionate bright sensitive sporting_group chesapeake_bay_retriever 2-3_times_a_week_brushing regularly energetic agreeable reserved_with_strangers
74,chihuahua,chihuahua balanced graceful dog terrier like demeanor weighing pound rounded apple head breed hallmark erect ear full luminous eye acutely expressive coat come many color pattern long short variety identical except coat chihuahua possess loyalty charm big dog attitude even tiny dog require training without clever scamp rule household like little napoleon compact confident chihuahua ideal city pet small roughhousing kid special care must taken cold weather chihuahua adaptable long get lot quality time preferred lap chihuahua tiny dog huge personality national symbol mexico alert amusing purse dog stand among oldest breed america lineage going back ancient kingdom pre columbian time,charming graceful sassy,33,12.7,20.32,2.72155422,2.72155422,14.0,16.0,toy_group,0.2,occasional_bath/brush,0.4,occasional,0.6,regular_exercise,0.4,independent,0.6,alert/responsive,161,3,chihuahua balanced graceful dog terrier like demeanor weighing pound rounded apple head breed hallmark erect ear full luminous eye acutely expressive coat come many color pattern long short variety identical except coat chihuahua possess loyalty charm big dog attitude even tiny dog require training without clever scamp rule household like little napoleon compact confident chihuahua ideal city pet small roughhousing kid special care must taken cold weather chihuahua adaptable long get lot quality time preferred lap chihuahua tiny dog huge personality national symbol mexico alert amusing purse dog stand among oldest breed america lineage going back ancient kingdom pre columbian time charming graceful sassy toy_group chihuahua occasional_bath/brush occasional regular_exercise independent alert/responsive
75,chinese_crested,chinese crested lively alert toy breed standing inch high hairless coated hairless variety smooth soft skin tuft hair head tail ankle coated variety called powderpuff covered soft silky coat besides coat little difference powderpuff undressed brother variety characterized fine boned elegance graceful movement cresteds fun look playful loving devoted human hairless advantage doggy odor obvious reason shedding much problem variety attentive housemate totally tune family spotted pink skin spiky crested hairdo furry sock feathery tail mistake sweet slender chinese crested breed frolicsome ultra affectionate companion dog truly breed apart,affectionate alert lively,79,27.94,33.02,3.62873896,5.4431084400000005,13.0,18.0,toy_group,0.2,occasional_bath/brush,0.2,infrequent,0.6,regular_exercise,0.6,agreeable,0.8,friendly,155,3,chinese crested lively alert toy breed standing inch high hairless coated hairless variety smooth soft skin tuft hair head tail ankle coated variety called powderpuff covered soft silky coat besides coat little difference powderpuff undressed brother variety characterized fine boned elegance graceful movement cresteds fun look playful loving devoted human hairless advantage doggy odor obvious reason shedding much problem variety attentive housemate totally tune family spotted pink skin spiky crested hairdo furry sock feathery tail mistake sweet slender chinese crested breed frolicsome ultra affectionate companion dog truly breed apart affectionate alert lively toy_group chinese_crested occasional_bath/brush infrequent regular_exercise agreeable friendly
76,chinese_shar_pei,compact medium sized chinese shar pei amalgam odd physical trait broad hippopotamus muzzle blue black tongue small sunken eye scowling expression tiny triangular ear abundant fold loose skin head neck shoulder tapered high set tail blanketed harsh sandpapery coat literal translation shar pei sand skin shar pei strong regal independent guardian famous intelligence loyalty suspicious stranger dog shar pei serene dog meet perceived threat tenacity vigor early training socialization essential dominant adult shar pei without serious problem waiting happen fascinating challenging breed ancient pedigree steadfastly loyal family standoffish stranger chinese shar pei physical characteristic make one kind companion guardian dog,loyal independent calm,64,45.72,50.8,20.41165665,27.2155422,8.0,12.0,non-sporting_group,0.2,occasional_bath/brush,0.8,regularly,0.6,regular_exercise,0.2,may_be_stubborn,0.4,reserved_with_strangers,140,3,compact medium sized chinese shar pei amalgam odd physical trait broad hippopotamus muzzle blue black tongue small sunken eye scowling expression tiny triangular ear abundant fold loose skin head neck shoulder tapered high set tail blanketed harsh sandpapery coat literal translation shar pei sand skin shar pei strong regal independent guardian famous intelligence loyalty suspicious stranger dog shar pei serene dog meet perceived threat tenacity vigor early training socialization essential dominant adult shar pei without serious problem waiting happen fascinating challenging breed ancient pedigree steadfastly loyal family standoffish stranger chinese shar pei physical characteristic make one kind companion guardian dog loyal independent calm non-sporting_group chinese_shar_pei occasional_bath/brush regularly regular_exercise may_be_stubborn reserved_with_strangers
77,chinook,tawny coated frill chinook muscular substantial male standing high inch shoulder female distinctly feminine look bit smaller chinook conceived dual purpose hauler power freighting dog speed sled racer picture stouthearted dignity kindly twinkle dark almond eye chinook calm people oriented dog special feel child trainable worker aim please sledding carting obedience agility search rescue work herding pursuit mastered chinook particularly busy dog need consistent exercise stay proper hard condition pride wonalancet new hampshire chinook rugged working dog devoted family pet known intelligence patience eagerness please verge extinction chinook among scarcest akc breed,smart patient devoted,190,55.88,66.04,22.6796185,40.8233133,12.0,15.0,working_group,0.4,weekly_brushing,0.6,seasonal,0.8,energetic,1.0,eager_to_please,0.8,friendly,150,3,tawny coated frill chinook muscular substantial male standing high inch shoulder female distinctly feminine look bit smaller chinook conceived dual purpose hauler power freighting dog speed sled racer picture stouthearted dignity kindly twinkle dark almond eye chinook calm people oriented dog special feel child trainable worker aim please sledding carting obedience agility search rescue work herding pursuit mastered chinook particularly busy dog need consistent exercise stay proper hard condition pride wonalancet new hampshire chinook rugged working dog devoted family pet known intelligence patience eagerness please verge extinction chinook among scarcest akc breed smart patient devoted working_group chinook weekly_brushing seasonal energetic eager_to_please friendly
78,chow_chow,chow powerful compactly built dog standing high inch shoulder distinctive trait include lion mane ruff around head shoulder blue black tongue deep set almond eye add scowling snobbish expression stiff legged gait chow rough smooth coat red black blue cinnamon cream owner say chow cleanest dog housebreak easily little doggy odor known fastidious cat well socialized chow never fierce intractable always refined dignified aloof stranger eternally loyal loved one serene adaptable special exercise need chow happily take city life chow chow purpose dog ancient china present picture muscular deep chested aristocrat air inscrutable timelessness dignified serious minded aloof chow chow breed unique delight,dignified bright serious minded,75,43.18,50.8,20.41165665,31.751465900000003,8.0,12.0,non-sporting_group,0.6,2-3_times_a_week_brushing,0.6,seasonal,0.6,regular_exercise,0.2,may_be_stubborn,0.4,reserved_with_strangers,154,3,chow powerful compactly built dog standing high inch shoulder distinctive trait include lion mane ruff around head shoulder blue black tongue deep set almond eye add scowling snobbish expression stiff legged gait chow rough smooth coat red black blue cinnamon cream owner say chow cleanest dog housebreak easily little doggy odor known fastidious cat well socialized chow never fierce intractable always refined dignified aloof stranger eternally loyal loved one serene adaptable special exercise need chow happily take city life chow chow purpose dog ancient china present picture muscular deep chested aristocrat air inscrutable timelessness dignified serious minded aloof chow chow breed unique delight dignified bright serious minded non-sporting_group chow_chow 2-3_times_a_week_brushing seasonal regular_exercise may_be_stubborn reserved_with_strangers
79,cirneco_dell’etna,standing inch cirneco cheer nek cirnechi plural often described resembling smaller version pharaoh hound cousin island malta slender rugged hunter coat range light dark tan chestnut large upright ear point alert expression eye whose amber ochre color smartly complement coat many way lithe leggy sicilian typical sighthounds sweet natured independent course breathtakingly swift said though cirnechi bit trainable usual sighthound living artifact antiquity sprinted st century relatively unchanged passing fad fancy sleek sinewy cirneco dell etna ancient coursing hound sicily athletic hunter given quick burst speed housedog cirnechi mild low maintenance companion cherished loyal gentle nature,affectionate friendly independent,183,41.91,49.53,7.71107029,11.79340162,12.0,14.0,hound_group,0.2,occasional_bath/brush,0.2,infrequent,0.6,regular_exercise,0.6,agreeable,0.6,alert/responsive,151,3,standing inch cirneco cheer nek cirnechi plural often described resembling smaller version pharaoh hound cousin island malta slender rugged hunter coat range light dark tan chestnut large upright ear point alert expression eye whose amber ochre color smartly complement coat many way lithe leggy sicilian typical sighthounds sweet natured independent course breathtakingly swift said though cirnechi bit trainable usual sighthound living artifact antiquity sprinted st century relatively unchanged passing fad fancy sleek sinewy cirneco dell etna ancient coursing hound sicily athletic hunter given quick burst speed housedog cirnechi mild low maintenance companion cherished loyal gentle nature affectionate friendly independent hound_group cirneco_dell’etna occasional_bath/brush infrequent regular_exercise agreeable alert/responsive
80,clumber_spaniel,clumber spaniel powerful bird dog heavy bone built long low massive head stand inch small female might pound large male could go pound built push thick cover field clumber movement nonetheless free easy dense coat primarily white sparse lemon orange marking clumber sweet easygoing home outdoorsy fellow relentless scent smart eager please clumber respond well training though bit wary around stranger clumber friendly dog bark something say make indifferent watchdog love swimming fetching sturdy childhood playmate dignified mellow hunting companion king clumber spaniel largest akc flushing spaniel handle shedding drooling amiable clumber amusing best friend gentlemanly housemate,mellow amusing gentlemanly,143,43.18,50.8,24.947580350000003,38.55535145,10.0,12.0,sporting_group,0.4,weekly_brushing,0.8,regularly,0.6,regular_exercise,0.6,agreeable,0.4,reserved_with_strangers,163,3,clumber spaniel powerful bird dog heavy bone built long low massive head stand inch small female might pound large male could go pound built push thick cover field clumber movement nonetheless free easy dense coat primarily white sparse lemon orange marking clumber sweet easygoing home outdoorsy fellow relentless scent smart eager please clumber respond well training though bit wary around stranger clumber friendly dog bark something say make indifferent watchdog love swimming fetching sturdy childhood playmate dignified mellow hunting companion king clumber spaniel largest akc flushing spaniel handle shedding drooling amiable clumber amusing best friend gentlemanly housemate mellow amusing gentlemanly sporting_group clumber_spaniel weekly_brushing regularly regular_exercise agreeable reserved_with_strangers
81,cocker_spaniel,big dark eye sweet expression long lush ear practically demand touched wonder cocker spent year america popular breed cocker akc smallest sporting spaniel standing inch coat come enough color pattern please taste well balanced body sturdy solid quick durable gundogs move smooth easy gait cocker eager playmate kid easily trained companion athlete big enough sporty compact enough portable cocker full coat reward extra grooming time prettiest dog block energetic sporting dog love playtime brisk walk merry frolicsome cocker spaniel big dreamy eye impish personality one world best loved breed developed hunting dog cocker gained wide popularity around companion,gentle smart happy,30,34.29,39.37,9.0718474,13.6077711,10.0,14.0,sporting_group,0.8,daily_brushing,0.4,occasional,0.6,regular_exercise,1.0,eager_to_please,1.0,outgoing,159,3,big dark eye sweet expression long lush ear practically demand touched wonder cocker spent year america popular breed cocker akc smallest sporting spaniel standing inch coat come enough color pattern please taste well balanced body sturdy solid quick durable gundogs move smooth easy gait cocker eager playmate kid easily trained companion athlete big enough sporty compact enough portable cocker full coat reward extra grooming time prettiest dog block energetic sporting dog love playtime brisk walk merry frolicsome cocker spaniel big dreamy eye impish personality one world best loved breed developed hunting dog cocker gained wide popularity around companion gentle smart happy sporting_group cocker_spaniel daily_brushing occasional regular_exercise eager_to_please outgoing
82,collie,collie large lithe herder standing anywhere inch tall rough variety boast one canine kingdom impressively showy coat smooth coat charm subtler less satisfying coat color variety sable white tricolor blue merle white collie fancier take pride breed elegant wedge shaped head whose mobile ear almond eye convey wide variety expression collie famously fond child make wonderful family pet swift athletic dog thrive companionship regular exercise gentle training learn happily rapidly collie loyalty intelligence sterling character stuff legend majestic collie thanks hundred year pop culture star among world recognizable beloved dog breed full coated rough collie familiar variety also sleek smooth collie,devoted graceful proud,38,55.88,66.04,22.6796185,34.01942775,12.0,14.0,herding_group,0.6,2-3_times_a_week_brushing,0.6,seasonal,0.6,regular_exercise,0.8,easy_training,0.8,friendly,154,3,collie large lithe herder standing anywhere inch tall rough variety boast one canine kingdom impressively showy coat smooth coat charm subtler less satisfying coat color variety sable white tricolor blue merle white collie fancier take pride breed elegant wedge shaped head whose mobile ear almond eye convey wide variety expression collie famously fond child make wonderful family pet swift athletic dog thrive companionship regular exercise gentle training learn happily rapidly collie loyalty intelligence sterling character stuff legend majestic collie thanks hundred year pop culture star among world recognizable beloved dog breed full coated rough collie familiar variety also sleek smooth collie devoted graceful proud herding_group collie 2-3_times_a_week_brushing seasonal regular_exercise easy_training friendly
83,coton_de_tulear,coton de tulear ko tone dih lay small immensely charming dog standing inch high weighing anywhere pound cotons known profuse white coat soft cotton french say coton primary job provide amusement comfort companionship bond cotons people tight owner discus human term coton fancier describe witty companion time boisterous never demanding naturally clownish lighthearted possess remarkably gentle sympathetic awareness amusing trait long lived jester include unique vocalization knack walking hind leg coton de tulear royal dog madagascar bright happy go lucky companion dog whose favorite activity include clowning cavorting following special human around house coton small robustly sturdy,charming bright happy go lucky,81,22.86,27.94,3.62873896,6.80388555,15.0,19.0,non-sporting_group,0.8,daily_brushing,0.4,occasional,0.6,regular_exercise,0.8,easy_training,1.0,outgoing,152,3,coton de tulear ko tone dih lay small immensely charming dog standing inch high weighing anywhere pound cotons known profuse white coat soft cotton french say coton primary job provide amusement comfort companionship bond cotons people tight owner discus human term coton fancier describe witty companion time boisterous never demanding naturally clownish lighthearted possess remarkably gentle sympathetic awareness amusing trait long lived jester include unique vocalization knack walking hind leg coton de tulear royal dog madagascar bright happy go lucky companion dog whose favorite activity include clowning cavorting following special human around house coton small robustly sturdy charming bright happy go lucky non-sporting_group coton_de_tulear daily_brushing occasional regular_exercise easy_training outgoing
84,croatian_sheepdog,petar horvat bishop djakovo wrote croat brought shepherd dog along move new land referred dog canis pastoralis croaticus croatian shepherd dog bishop djakovo peter bakic also wrote croatian sheepdog manuscript life people raising stock djakovo surroundings quoted word written bishop petar providing description dog stated croatian sheepdog changed since record changed appearance described bishop petar systematic selection breeding program started father breed veterinarian prof dr stjepan romic dog territory djakovo year work breed recognized fci croatian sheepdog agile helpful humble shepherd dog self reliant owner brave trustworthy true master flock often running back herd get point intervention soon possible,loyal active alert intelligent,,40.64,50.8,13.15417873,19.95806428,13.0,14.0,foundation_stock_service,0.2,occasional_bath/brush,0.4,occasional,1.0,needs_lots_of_activity,1.0,eager_to_please,0.4,reserved_with_strangers,201,5,petar horvat bishop djakovo wrote croat brought shepherd dog along move new land referred dog canis pastoralis croaticus croatian shepherd dog bishop djakovo peter bakic also wrote croatian sheepdog manuscript life people raising stock djakovo surroundings quoted word written bishop petar providing description dog stated croatian sheepdog changed since record changed appearance described bishop petar systematic selection breeding program started father breed veterinarian prof dr stjepan romic dog territory djakovo year work breed recognized fci croatian sheepdog agile helpful humble shepherd dog self reliant owner brave trustworthy true master flock often running back herd get point intervention soon possible loyal active alert intelligent foundation_stock_service croatian_sheepdog occasional_bath/brush occasional needs_lots_of_activity eager_to_please reserved_with_strangers
85,curly_coated_retriever,curly coated retriever tight crisp curl either black liver serve waterproof thorn resistant weather gear work thick bramble icy lake curly big durable gun dog elegant graceful retriever another trait set curlies apart usual retriever tapered wedge shaped head like labrador goldens curlies affectionate gentle bit independent less needy playful mischievous loved one curlies aloof stranger wariness make discerning watchdog gregarious retriever tireless dog need lot outdoor exercise bored underemployed curlies handful curly coated retriever among oldest retriever breed famously versatile gundog peerless swimmer poised proud wickedly smart curly thinking person retriever never quit,confident proud wickedly smart,162,58.42,68.58,27.2155422,43.09127515,10.0,12.0,sporting_group,0.2,occasional_bath/brush,0.4,occasional,0.8,energetic,0.4,independent,0.4,reserved_with_strangers,150,4,curly coated retriever tight crisp curl either black liver serve waterproof thorn resistant weather gear work thick bramble icy lake curly big durable gun dog elegant graceful retriever another trait set curlies apart usual retriever tapered wedge shaped head like labrador goldens curlies affectionate gentle bit independent less needy playful mischievous loved one curlies aloof stranger wariness make discerning watchdog gregarious retriever tireless dog need lot outdoor exercise bored underemployed curlies handful curly coated retriever among oldest retriever breed famously versatile gundog peerless swimmer poised proud wickedly smart curly thinking person retriever never quit confident proud wickedly smart sporting_group curly_coated_retriever occasional_bath/brush occasional energetic independent reserved_with_strangers
86,czechoslovakian_vlcak,czechoslovakian vlcak csv originally bred working border patrol czechoslovakia currently used europe united state search rescue tracking obedience agility drafting herding working dog sport csv bred versatility hardiness harsh element much independent nature many working breed excellent choice tracking trailing sport work companion active owner enjoy spending time outdoor activity biking running hiking however recommended first time owner club contact detailsclub czechoslovakian vlcak club americaname stacy mccrary presidentemail vlcaksusa gmail com alert primitive canine resembles wolf appearance highly intelligent powerful active loyal devoted owner superior eyesight hearing sense smell known excellent stamen endurance,loyal intelligent active,,59.69,64.77,19.95806428,25.85476509,10.0,15.0,foundation_stock_service,0.4,weekly_brushing,1.0,frequent,1.0,needs_lots_of_activity,0.2,may_be_stubborn,0.2,aloof/wary,152,3,czechoslovakian vlcak csv originally bred working border patrol czechoslovakia currently used europe united state search rescue tracking obedience agility drafting herding working dog sport csv bred versatility hardiness harsh element much independent nature many working breed excellent choice tracking trailing sport work companion active owner enjoy spending time outdoor activity biking running hiking however recommended first time owner club contact detailsclub czechoslovakian vlcak club americaname stacy mccrary presidentemail vlcaksusa gmail com alert primitive canine resembles wolf appearance highly intelligent powerful active loyal devoted owner superior eyesight hearing sense smell known excellent stamen endurance loyal intelligent active foundation_stock_service czechoslovakian_vlcak weekly_brushing frequent needs_lots_of_activity may_be_stubborn aloof/wary
87,dachshund,word icon terribly overworked dachshund unmistakable long backed body little leg big personality truly icon purebred dogdom dachshund standard sized usually pound miniature pound come one three coat type smooth wirehaired longhaired dachshund built distance running leaping strenuous swimming otherwise tireless hound game anything smart vigilant big dog bark make fine watchdog bred independent hunter dangerous prey brave point rashness bit stubborn endearing nature unique look million heart world famously long low silhouette ever alert expression bold vivacious personality dachshund made superstar canine kingdom dachshund come two size three coat type various color pattern,friendly curious spunky,12,12.7,22.86,4.9895160700000005,14.51495584,12.0,16.0,hound_group,0.4,weekly_brushing,0.4,occasional,0.6,regular_exercise,0.6,agreeable,0.6,alert/responsive,155,3,word icon terribly overworked dachshund unmistakable long backed body little leg big personality truly icon purebred dogdom dachshund standard sized usually pound miniature pound come one three coat type smooth wirehaired longhaired dachshund built distance running leaping strenuous swimming otherwise tireless hound game anything smart vigilant big dog bark make fine watchdog bred independent hunter dangerous prey brave point rashness bit stubborn endearing nature unique look million heart world famously long low silhouette ever alert expression bold vivacious personality dachshund made superstar canine kingdom dachshund come two size three coat type various color pattern friendly curious spunky hound_group dachshund weekly_brushing occasional regular_exercise agreeable alert/responsive
88,dalmatian,dalmatian delightful eye catching spot black liver adorn one distinctive coat animal kingdom beneath spot graceful elegantly proportioned trotting dog standing inch shoulder dal muscular built go distance powerful hindquarter provide drive behind smooth effortless gait dal originally bred guard horse coach old protective instinct remains reserved dignified dal aloof stranger dependable watchdog preferred human dal bright loyal loving house dog strong active athlete great stamen wonderful partner runner hiker dignified dalmatian dogdom citizen world famed spotted coat unique job description long history coach dog accompanied horse drawn rig noble gypsy firefighter,dignified smart outgoing,56,48.26,60.96,20.41165665,31.751465900000003,11.0,13.0,non-sporting_group,0.4,weekly_brushing,1.0,frequent,0.8,energetic,0.6,agreeable,0.6,alert/responsive,149,3,dalmatian delightful eye catching spot black liver adorn one distinctive coat animal kingdom beneath spot graceful elegantly proportioned trotting dog standing inch shoulder dal muscular built go distance powerful hindquarter provide drive behind smooth effortless gait dal originally bred guard horse coach old protective instinct remains reserved dignified dal aloof stranger dependable watchdog preferred human dal bright loyal loving house dog strong active athlete great stamen wonderful partner runner hiker dignified dalmatian dogdom citizen world famed spotted coat unique job description long history coach dog accompanied horse drawn rig noble gypsy firefighter dignified smart outgoing non-sporting_group dalmatian weekly_brushing frequent energetic agreeable alert/responsive
89,dandie_dinmont_terrier,physical hallmark dandie dinmont terrier include large head covered profuse silky white hair long hanging ear tipped feathering coming almost point big round eye full brightness expression long low torso short leg crisp body coat come two spicy color pepper bluish black silvery gray mustard reddish brown pale fawn weighing pound dandy alert intelligent watchdog big baritone bark dandy enjoy romping cuddling kid hyper small dog terrier though typical willfulness independence courage dandie owner get best result positive motivational training unique looking dandie dinmont terrier tough dignified little exterminator sturdily built rigor farm life agreeably adapt city living dandy compact companion blessed big personality,independent smart proud,176,20.32,27.94,8.164662660000001,10.88621688,12.0,15.0,terrier_group,0.8,daily_brushing,0.2,infrequent,0.6,regular_exercise,0.4,independent,0.4,reserved_with_strangers,153,3,physical hallmark dandie dinmont terrier include large head covered profuse silky white hair long hanging ear tipped feathering coming almost point big round eye full brightness expression long low torso short leg crisp body coat come two spicy color pepper bluish black silvery gray mustard reddish brown pale fawn weighing pound dandy alert intelligent watchdog big baritone bark dandy enjoy romping cuddling kid hyper small dog terrier though typical willfulness independence courage dandie owner get best result positive motivational training unique looking dandie dinmont terrier tough dignified little exterminator sturdily built rigor farm life agreeably adapt city living dandy compact companion blessed big personality independent smart proud terrier_group dandie_dinmont_terrier daily_brushing infrequent regular_exercise independent reserved_with_strangers
90,danish_swedish_farmdog,breed entered american kennel club foundation stock service program akc fss eligible compete agility barn hunt flyball herding lure coursing nosework obedience rally tracking akc fss open show club contact detailsclub danish swedish farmdog club america incname dorothy herman akc liaisonemail info farmdogs org known little big dog danish swedish farmdog companion dog love work enjoys challenge small compact slightly rectangular dog known mature late,energetic trainable attentive,,31.75,36.83,6.80388555,9.0718474,11.0,13.0,foundation_stock_service,0.2,occasional_bath/brush,0.4,occasional,0.8,energetic,0.6,agreeable,0.6,friendly,86,3,breed entered american kennel club foundation stock service program akc fss eligible compete agility barn hunt flyball herding lure coursing nosework obedience rally tracking akc fss open show club contact detailsclub danish swedish farmdog club america incname dorothy herman akc liaisonemail info farmdogs org known little big dog danish swedish farmdog companion dog love work enjoys challenge small compact slightly rectangular dog known mature late energetic trainable attentive foundation_stock_service danish_swedish_farmdog occasional_bath/brush occasional energetic agreeable friendly
91,deutscher_wachtelhund,deutscher wachtelhund medium sized longhaired muscular gun dog noble head strong bone keen hunting desire ability make ideal dog hunter innate love water often used hunt waterfowl deutscher wachtelhund name german quail dog relates ability upland bird flusher also known german spaniel club contact detailsname bill wright boulder brook kenneladdress po box markham va email jwwiii hotmail com deutscher wachtelhund scenting blood tracking ability comparable bloodhound track hour old wounded game fresh game trail must vocalize inform hunter location versatile breed virtually unknown german non hunting public owned hunter gamekeeper professional hunter germany,friendly versatile determined,,45.72,53.34,18.1436948,24.947580350000003,12.0,14.0,foundation_stock_service,0.4,weekly_brushing,0.6,seasonal,0.6,regular_exercise,0.6,agreeable,0.6,friendly,143,3,deutscher wachtelhund medium sized longhaired muscular gun dog noble head strong bone keen hunting desire ability make ideal dog hunter innate love water often used hunt waterfowl deutscher wachtelhund name german quail dog relates ability upland bird flusher also known german spaniel club contact detailsname bill wright boulder brook kenneladdress po box markham va email jwwiii hotmail com deutscher wachtelhund scenting blood tracking ability comparable bloodhound track hour old wounded game fresh game trail must vocalize inform hunter location versatile breed virtually unknown german non hunting public owned hunter gamekeeper professional hunter germany friendly versatile determined foundation_stock_service deutscher_wachtelhund weekly_brushing seasonal regular_exercise agreeable friendly
92,doberman_pinscher,doberman compactly built dog muscular fast powerful standing inch shoulder body sleek substantial covered glistening coat black blue red fawn rust marking elegant quality combined noble wedge shaped head easy athletic way moving earned doberman reputation royalty canine kingdom well conditioned doberman patrol deter foolish intruder sleek powerful possessing magnificent physique keen intelligence doberman pinscher one dogkind nobleman incomparably fearless vigilant breed stand proudly among world finest protection dog,loyal fearless alert,17,60.96,71.12,27.2155422,45.359237,10.0,12.0,working_group,0.2,occasional_bath/brush,0.8,regularly,1.0,needs_lots_of_activity,1.0,eager_to_please,0.6,alert/responsive,110,3,doberman compactly built dog muscular fast powerful standing inch shoulder body sleek substantial covered glistening coat black blue red fawn rust marking elegant quality combined noble wedge shaped head easy athletic way moving earned doberman reputation royalty canine kingdom well conditioned doberman patrol deter foolish intruder sleek powerful possessing magnificent physique keen intelligence doberman pinscher one dogkind nobleman incomparably fearless vigilant breed stand proudly among world finest protection dog loyal fearless alert working_group doberman_pinscher occasional_bath/brush regularly needs_lots_of_activity eager_to_please alert/responsive
93,dogo_argentino,ideal dogo argentino study harmony large powerful athletic strong head supported thick elegant neck connects balanced body sustained straight substantial foreleg muscular medium angulated hindquarter dogo give impression explosive power energy developed find chase catch dangerous game dogo must good nose great lung capacity powerful yet agile muscular build expression alert intelligent marked hardness dogo instantly identifiable short completely white coat dogo argentino pack hunting dog bred pursuit big game wild boar puma possesses strength intelligence quick responsiveness serious athlete short plain smooth coat completely white dark patch near eye permitted long cover head,friendly cheerful humble,of,60.96,67.31,39.91612856,45.359237,9.0,15.0,working_group,0.2,occasional_bath/brush,0.2,infrequent,1.0,needs_lots_of_activity,0.6,agreeable,0.6,friendly,161,3,ideal dogo argentino study harmony large powerful athletic strong head supported thick elegant neck connects balanced body sustained straight substantial foreleg muscular medium angulated hindquarter dogo give impression explosive power energy developed find chase catch dangerous game dogo must good nose great lung capacity powerful yet agile muscular build expression alert intelligent marked hardness dogo instantly identifiable short completely white coat dogo argentino pack hunting dog bred pursuit big game wild boar puma possesses strength intelligence quick responsiveness serious athlete short plain smooth coat completely white dark patch near eye permitted long cover head friendly cheerful humble working_group dogo_argentino occasional_bath/brush infrequent needs_lots_of_activity agreeable friendly
94,dogue_de_bordeaux,dogue de bordeaux immensely powerful mastiff type guardian male go inch high pound short eye catching coat richly colored fawn massive head feature bulldog like undershot jaw expressive eye deeply furrowed brow proportionately largest head canine kingdom body stocky close ground dogues move like lion duty call ddbs proper temperament sweet sensitive soul owner appreciate breed loyalty loved one age also say ddbs stubborn dominate fail apply firm training puppyhood acquiring strapping super dog finding responsible breeder key ancient french dog breed dogue de bordeaux mastiff bordeaux around even france france brawny fawn coated guardian considerable courage famously loyal affectionate protective,affectionate loyal courageous,67,58.42,66.04,44.905644630000005,49.895160700000005,5.0,8.0,working_group,0.2,occasional_bath/brush,0.8,regularly,0.6,regular_exercise,0.6,agreeable,0.6,alert/responsive,155,3,dogue de bordeaux immensely powerful mastiff type guardian male go inch high pound short eye catching coat richly colored fawn massive head feature bulldog like undershot jaw expressive eye deeply furrowed brow proportionately largest head canine kingdom body stocky close ground dogues move like lion duty call ddbs proper temperament sweet sensitive soul owner appreciate breed loyalty loved one age also say ddbs stubborn dominate fail apply firm training puppyhood acquiring strapping super dog finding responsible breeder key ancient french dog breed dogue de bordeaux mastiff bordeaux around even france france brawny fawn coated guardian considerable courage famously loyal affectionate protective affectionate loyal courageous working_group dogue_de_bordeaux occasional_bath/brush regularly regular_exercise agreeable alert/responsive
95,drentsche_patrijshond,drent par excellence hunting variety game diverse terrain known keeping touch hunter point awaiting hunter dog often look back hunting partner take long time wait adaptability make suitable manner game field well water drent also known good retriever due drent soft nature forceful training method inappropriate dog expected bark announce visitor home often reserved towards stranger welcomed loyal intelligent pet exceptional value top good hunting buddy club contact detailsclub drentsche patrijshond club north americaname brian connoremail dpcna gundogs gmail comphone breed pronounced da rinse ah puh trice hoon drentsche patrijshond drent short typical continental pointer starter drent tail nearly four hundred year old drent built farmer farmer farm dog drents hunt feather fur keep farm clear vermin cart dairy market much breed maintained versatility beginning highly intelligent adaptable training must kept lively interesting drents used type hunting agility tracking dog sledding skijoring,loyal intelligent sensitive,,53.34,63.5,21.77243376,33.11224301,11.0,14.0,foundation_stock_service,0.4,weekly_brushing,0.8,regularly,0.8,energetic,0.6,agreeable,0.4,reserved_with_strangers,245,3,drent par excellence hunting variety game diverse terrain known keeping touch hunter point awaiting hunter dog often look back hunting partner take long time wait adaptability make suitable manner game field well water drent also known good retriever due drent soft nature forceful training method inappropriate dog expected bark announce visitor home often reserved towards stranger welcomed loyal intelligent pet exceptional value top good hunting buddy club contact detailsclub drentsche patrijshond club north americaname brian connoremail dpcna gundogs gmail comphone breed pronounced da rinse ah puh trice hoon drentsche patrijshond drent short typical continental pointer starter drent tail nearly four hundred year old drent built farmer farmer farm dog drents hunt feather fur keep farm clear vermin cart dairy market much breed maintained versatility beginning highly intelligent adaptable training must kept lively interesting drents used type hunting agility tracking dog sledding skijoring loyal intelligent sensitive foundation_stock_service drentsche_patrijshond weekly_brushing regularly energetic agreeable reserved_with_strangers
96,drever,drever developed early twentieth century sweden hunting deer difficult due terrain herd location hunter soon realized benefit using short legged long bodied dog drive deer long distance rough terrain right keen even tempered hound drever never aggressive nervous shy content living situation tend vocal alerting play drever robust strong rather elegant speedy proud carriage well developed muscle agile appearance affectionate playful sweet drever get along well breed great group,loyal even tempered determined,,30.48,38.1,15.875732950000002,18.1436948,15.0,15.0,foundation_stock_service,0.2,occasional_bath/brush,0.4,occasional,0.6,regular_exercise,0.2,may_be_stubborn,0.6,alert/responsive,115,3,drever developed early twentieth century sweden hunting deer difficult due terrain herd location hunter soon realized benefit using short legged long bodied dog drive deer long distance rough terrain right keen even tempered hound drever never aggressive nervous shy content living situation tend vocal alerting play drever robust strong rather elegant speedy proud carriage well developed muscle agile appearance affectionate playful sweet drever get along well breed great group loyal even tempered determined foundation_stock_service drever occasional_bath/brush occasional regular_exercise may_be_stubborn alert/responsive
97,dutch_shepherd,dutch shepherd discovered naturally occurring shepherd dog living rural area developed purpose farm dog working originally farm guard drover livestock dog well known dog fancier wrote dutch shepherd bearing great resemblance wolf course entirely true another aspect show dutch shepherd still many characteristic wild forebear although widely known breed dutch shepherd loyal companion competent working dog used obedience dog sport herding tracking search rescue police dog dutch shepherd lively athletic alert intelligent breed retained herding instinct originally developed independent nature slightly obstinate mind since original duty keep flock sheep particular location able run day reflected physique structure,intelligent lively athletic,,54.61,62.23,19.05087954,34.01942775,11.0,14.0,miscellaneous_class,0.4,weekly_brushing,0.6,seasonal,1.0,needs_lots_of_activity,0.6,agreeable,0.6,alert/responsive,183,3,dutch shepherd discovered naturally occurring shepherd dog living rural area developed purpose farm dog working originally farm guard drover livestock dog well known dog fancier wrote dutch shepherd bearing great resemblance wolf course entirely true another aspect show dutch shepherd still many characteristic wild forebear although widely known breed dutch shepherd loyal companion competent working dog used obedience dog sport herding tracking search rescue police dog dutch shepherd lively athletic alert intelligent breed retained herding instinct originally developed independent nature slightly obstinate mind since original duty keep flock sheep particular location able run day reflected physique structure intelligent lively athletic miscellaneous_class dutch_shepherd weekly_brushing seasonal needs_lots_of_activity agreeable alert/responsive
98,english_cocker_spaniel,english cocker spaniel compactly built sporting dog standing inch shoulder softly contoured head dark melting eye convey alert dignified expression framed lush close lying ear medium length coat seen variety striking color pattern silky touch balance key word understanding breed ec balanced temperament construction movement beneath ec physical beauty beat heart tireless eager please hunter helper famous world ability flush retrieve gamebirds prefer domestic pursuit charming agreeable household companion english cocker spaniel lover often use word merry describe breed upbeat field mellow home compact silky coated bird dog widely admired delightful personality irresistible good look,energetic merry responsive,52,38.1,43.18,11.79340162,15.42214058,12.0,14.0,sporting_group,0.6,2-3_times_a_week_brushing,0.4,occasional,0.6,regular_exercise,1.0,eager_to_please,0.8,friendly,154,3,english cocker spaniel compactly built sporting dog standing inch shoulder softly contoured head dark melting eye convey alert dignified expression framed lush close lying ear medium length coat seen variety striking color pattern silky touch balance key word understanding breed ec balanced temperament construction movement beneath ec physical beauty beat heart tireless eager please hunter helper famous world ability flush retrieve gamebirds prefer domestic pursuit charming agreeable household companion english cocker spaniel lover often use word merry describe breed upbeat field mellow home compact silky coated bird dog widely admired delightful personality irresistible good look energetic merry responsive sporting_group english_cocker_spaniel 2-3_times_a_week_brushing occasional regular_exercise eager_to_please friendly
99,english_foxhound,english foxhound epitome serious dog breeder strive beauty balance utility next old greek statue poet wrote combination grace strength fine foxhound pack oriented scent driven hound gentle sociable rarely seen house pet driven primal instinct pursuit much else including training matter owning noble creature best left huntsman kennel pack hound experienced meeting special challenge life swift powerful hound hardwired chase english foxhound substantial galloping hound great stamen long leg straight gatepost sturdy back perfectly level chest deep girthing much inch hound measuring inch shoulder ensuring plenty lung power grueling day hunt,affectionate gentle sociable,188,60.96,60.96,27.2155422,34.01942775,10.0,13.0,hound_group,0.2,occasional_bath/brush,0.8,regularly,0.8,energetic,0.6,agreeable,0.8,friendly,165,3,english foxhound epitome serious dog breeder strive beauty balance utility next old greek statue poet wrote combination grace strength fine foxhound pack oriented scent driven hound gentle sociable rarely seen house pet driven primal instinct pursuit much else including training matter owning noble creature best left huntsman kennel pack hound experienced meeting special challenge life swift powerful hound hardwired chase english foxhound substantial galloping hound great stamen long leg straight gatepost sturdy back perfectly level chest deep girthing much inch hound measuring inch shoulder ensuring plenty lung power grueling day hunt affectionate gentle sociable hound_group english_foxhound occasional_bath/brush regularly energetic agreeable friendly
100,english_setter,english setter elegant solid dog beauty charm word belton unique breed describes speckled coat pattern color sound good enough eat liver lemon orange among showy coat well balanced hunter standing inch shoulder graceful neck carry long oval shaped head proudly dark brown eye convey soft expression merry english setter known gentleman dog world game boisterous play english setter get well dog people veteran breed dog handler say breed share one life living space breed give pleasure english setter english setter medium sized sporting dog sweet temper show stopping good look one akc four british setter created work distinctly different terrain england ireland scotland,friendly mellow merry,94,58.42,68.58,20.41165665,36.2873896,12.0,12.0,sporting_group,0.6,2-3_times_a_week_brushing,0.8,regularly,0.8,energetic,0.8,easy_training,0.8,friendly,163,3,english setter elegant solid dog beauty charm word belton unique breed describes speckled coat pattern color sound good enough eat liver lemon orange among showy coat well balanced hunter standing inch shoulder graceful neck carry long oval shaped head proudly dark brown eye convey soft expression merry english setter known gentleman dog world game boisterous play english setter get well dog people veteran breed dog handler say breed share one life living space breed give pleasure english setter english setter medium sized sporting dog sweet temper show stopping good look one akc four british setter created work distinctly different terrain england ireland scotland friendly mellow merry sporting_group english_setter 2-3_times_a_week_brushing regularly energetic easy_training friendly
101,english_springer_spaniel,built long day field english springer spaniel tough muscular hunter standing inch shoulder weighing pound double coat come several color pattern ear long lush kindly trusting expression eye cherished hallmark breed springer move smooth ground covering stride bred work closely human springer highly trainable people pleaser crave company miserable neglected polite dog springer good kid fellow mammal eager join family activity long walk game chase fetch swimming favorite pastime rugged spaniel english springer spaniel sweet faced lovable bird dog great energy stamen brain sport hunter cherish duality working springer handsome mannerly pet week trusty hunting buddy weekend,friendly playful obedient,27,48.26,50.8,18.1436948,22.6796185,12.0,14.0,sporting_group,0.4,weekly_brushing,0.4,occasional,0.6,regular_exercise,1.0,eager_to_please,0.8,friendly,155,3,built long day field english springer spaniel tough muscular hunter standing inch shoulder weighing pound double coat come several color pattern ear long lush kindly trusting expression eye cherished hallmark breed springer move smooth ground covering stride bred work closely human springer highly trainable people pleaser crave company miserable neglected polite dog springer good kid fellow mammal eager join family activity long walk game chase fetch swimming favorite pastime rugged spaniel english springer spaniel sweet faced lovable bird dog great energy stamen brain sport hunter cherish duality working springer handsome mannerly pet week trusty hunting buddy weekend friendly playful obedient sporting_group english_springer_spaniel weekly_brushing occasional regular_exercise eager_to_please friendly
102,english_toy_spaniel,ets square snub nosed toy weighing pound large domed head long lush ear dark melting eye chubby cheek famous breed trait profuse coat come four variety proper name red white blenheim black tan king charles white black tan prince charles solid red ruby blenheim often red mark blenheim spot top head ets like many toy breed kept royal came assume personality aristocratic owner proud willful extremely discriminating choice friend favored human affectionate home exuberant curious play merry english toy spaniel bred companion king ets spaniel first pampered lapdog second beneath patrician exterior beat heart real doggy dog bright loving willing please,gentle playful intelligent,135,22.86,25.4,3.62873896,6.35029318,10.0,12.0,toy_group,0.6,2-3_times_a_week_brushing,0.6,seasonal,0.6,regular_exercise,0.4,independent,0.6,alert/responsive,165,3,ets square snub nosed toy weighing pound large domed head long lush ear dark melting eye chubby cheek famous breed trait profuse coat come four variety proper name red white blenheim black tan king charles white black tan prince charles solid red ruby blenheim often red mark blenheim spot top head ets like many toy breed kept royal came assume personality aristocratic owner proud willful extremely discriminating choice friend favored human affectionate home exuberant curious play merry english toy spaniel bred companion king ets spaniel first pampered lapdog second beneath patrician exterior beat heart real doggy dog bright loving willing please gentle playful intelligent toy_group english_toy_spaniel 2-3_times_a_week_brushing seasonal regular_exercise independent alert/responsive
103,entlebucher_mountain_dog,entlebucher ent leh boo cur mountain dog muscular long backed cattle dog standing inch shoulder short sturdy leg striking black white tan coat attentive friendly face entles famous agility balance boundless enthusiasm entles vigilant protector four two legged herd properly socialized make durable trustworthy playmate older kid energetic entles require lot exercise family time direction reach full potential inexperienced owner might overwhelmed strong self confident go go herding dog eager work entlebucher fine dog clever zesty happy everyone entlebucher mountain dog tricolor laughing dog swiss alp rugged determined mover cattle spirited energetic worker athlete independent problem solver happiest job perform,loyal smart enthusiastic,157,40.64,53.34,18.1436948,29.48350405,11.0,13.0,herding_group,0.2,occasional_bath/brush,0.2,infrequent,1.0,needs_lots_of_activity,0.4,independent,0.4,reserved_with_strangers,141,3,entlebucher ent leh boo cur mountain dog muscular long backed cattle dog standing inch shoulder short sturdy leg striking black white tan coat attentive friendly face entles famous agility balance boundless enthusiasm entles vigilant protector four two legged herd properly socialized make durable trustworthy playmate older kid energetic entles require lot exercise family time direction reach full potential inexperienced owner might overwhelmed strong self confident go go herding dog eager work entlebucher fine dog clever zesty happy everyone entlebucher mountain dog tricolor laughing dog swiss alp rugged determined mover cattle spirited energetic worker athlete independent problem solver happiest job perform loyal smart enthusiastic herding_group entlebucher_mountain_dog occasional_bath/brush infrequent needs_lots_of_activity independent reserved_with_strangers
104,estrela_mountain_dog,estrela mountain dog named estrela mountain portugal believed oldest breed region breed several distinctive physical characteristic including rosed ear black mask hook end tail inseparable companion shepherd faithful flock guardian bravely protecting predator thief wonderful farm house guard distrustful towards stranger typically docile master companion home estrela bond life love protect whole family piece soul belong one special family member choosing estrela owner tell u nothing compared love estrela breed contact detailswebsite www mistymountainestrelas comphone person robin eatman estrela mountain dog excellent livestock guardian also known love child family proper socialization training puppy important dominance estrela personality become aggressive,alert intelligent brave,,62.23,73.66,34.926612490000004,59.874192840000006,10.0,14.0,foundation_stock_service,0.4,weekly_brushing,0.6,seasonal,0.4,calm,0.6,agreeable,0.6,friendly,185,3,estrela mountain dog named estrela mountain portugal believed oldest breed region breed several distinctive physical characteristic including rosed ear black mask hook end tail inseparable companion shepherd faithful flock guardian bravely protecting predator thief wonderful farm house guard distrustful towards stranger typically docile master companion home estrela bond life love protect whole family piece soul belong one special family member choosing estrela owner tell u nothing compared love estrela breed contact detailswebsite www mistymountainestrelas comphone person robin eatman estrela mountain dog excellent livestock guardian also known love child family proper socialization training puppy important dominance estrela personality become aggressive alert intelligent brave foundation_stock_service estrela_mountain_dog weekly_brushing seasonal calm agreeable friendly
105,eurasier,eurasier come beautiful array color coat color permitted per breed standard except liver color pure white irregular white patch eurasiers purple tongue pink tongue spotted tongue also dark face mask light called reverse mask eurasiers calm even tempered gentle loving intelligent confident club contact detailsclub united state eurasier clubname wendy schuyleremail useurasierclub gmail com eurasier medium sized dog thick medium long coat come variety color confident calm well balanced loyal entire family reserved towards stranger must live close contact family suited kept kennel tied outside,confident calm family oriented,,48.26,60.96,18.1436948,31.751465900000003,12.0,16.0,foundation_stock_service,0.6,2-3_times_a_week_brushing,0.6,seasonal,0.6,regular_exercise,0.6,agreeable,0.4,reserved_with_strangers,127,3,eurasier come beautiful array color coat color permitted per breed standard except liver color pure white irregular white patch eurasiers purple tongue pink tongue spotted tongue also dark face mask light called reverse mask eurasiers calm even tempered gentle loving intelligent confident club contact detailsclub united state eurasier clubname wendy schuyleremail useurasierclub gmail com eurasier medium sized dog thick medium long coat come variety color confident calm well balanced loyal entire family reserved towards stranger must live close contact family suited kept kennel tied outside confident calm family oriented foundation_stock_service eurasier 2-3_times_a_week_brushing seasonal regular_exercise agreeable reserved_with_strangers
106,field_spaniel,field spaniel bear family resemblance cocker springer sussex spaniel distinctive glossy coat either black shade liver combination two stand inch shoulder present picture well balanced moderately proportioned hunting companion long feathery ear frame facial expression conveying grave gentle intelligence field spaniel sweet sensitive soul enough independence make life interesting trustworthy kid tolerant fellow mammal responsive training u breed standard call tranquil house dog unusually docile nonetheless playful enjoy good backyard romp sweet sensitive field spaniel famously docile vigorous game anything play field close cousin cocker spaniel springer spaniel may small number charm enormous,sweet fun loving sensitive,149,43.18,45.72,15.875732950000002,22.6796185,12.0,13.0,sporting_group,0.4,weekly_brushing,0.8,regularly,0.6,regular_exercise,0.6,agreeable,0.4,reserved_with_strangers,151,3,field spaniel bear family resemblance cocker springer sussex spaniel distinctive glossy coat either black shade liver combination two stand inch shoulder present picture well balanced moderately proportioned hunting companion long feathery ear frame facial expression conveying grave gentle intelligence field spaniel sweet sensitive soul enough independence make life interesting trustworthy kid tolerant fellow mammal responsive training u breed standard call tranquil house dog unusually docile nonetheless playful enjoy good backyard romp sweet sensitive field spaniel famously docile vigorous game anything play field close cousin cocker spaniel springer spaniel may small number charm enormous sweet fun loving sensitive sporting_group field_spaniel weekly_brushing regularly regular_exercise agreeable reserved_with_strangers
107,finnish_lapphund,finnish lapphunds luscious coat sweet spitz like face profusely coated tail curve back instantly recognizable nordic dog lappies stand inch shoulder surprisingly muscular substantial inch quick agile move effortlessly go trot full gallop second flat lappies friendly submissive companion though bit wary stranger crave companionship miserable neglected distinctive breed trait strong startle reflex result century spent ducking antler ornery reindeer despite propensity shedding barking lappies popular pet homeland weatherproof finnish lapphund tough substantial reindeer herder north arctic circle remarkably empathetic breed among friendliest dog satisfied reindeer rustler,friendly alert agile,161,40.64,53.34,14.968548210000002,24.04039561,12.0,15.0,herding_group,0.4,weekly_brushing,0.6,seasonal,0.6,regular_exercise,1.0,eager_to_please,0.4,reserved_with_strangers,151,3,finnish lapphunds luscious coat sweet spitz like face profusely coated tail curve back instantly recognizable nordic dog lappies stand inch shoulder surprisingly muscular substantial inch quick agile move effortlessly go trot full gallop second flat lappies friendly submissive companion though bit wary stranger crave companionship miserable neglected distinctive breed trait strong startle reflex result century spent ducking antler ornery reindeer despite propensity shedding barking lappies popular pet homeland weatherproof finnish lapphund tough substantial reindeer herder north arctic circle remarkably empathetic breed among friendliest dog satisfied reindeer rustler friendly alert agile herding_group finnish_lapphund weekly_brushing seasonal regular_exercise eager_to_please reserved_with_strangers
108,finnish_spitz,balanced squarely symmetrical finnish spitz stand inch shoulder easily recognized foxy face prick ear projecting lively expression curving plumed tail dense coat glorious golden red never monochromatic give finnish spitz glow finkies finn nicknamed move bold brisk gait finkies make excellent alertdogs wary shy stranger vocal breed finland owner hold contest crown king barker true finn lover delighted annoyed breed yodeling range vocalization finkies eager canine athlete eye catching show dog known smart sensitive captivating companion lively finnish spitz flame colored foxy faced breed land lake small fearless hunting dog whose unique style tracking indicating quarry earned nickname barking bird dog,friendly good natured lively,184,39.37,50.8,9.0718474,14.968548210000002,13.0,15.0,non-sporting_group,0.4,weekly_brushing,0.6,seasonal,1.0,needs_lots_of_activity,0.6,agreeable,0.8,friendly,164,3,balanced squarely symmetrical finnish spitz stand inch shoulder easily recognized foxy face prick ear projecting lively expression curving plumed tail dense coat glorious golden red never monochromatic give finnish spitz glow finkies finn nicknamed move bold brisk gait finkies make excellent alertdogs wary shy stranger vocal breed finland owner hold contest crown king barker true finn lover delighted annoyed breed yodeling range vocalization finkies eager canine athlete eye catching show dog known smart sensitive captivating companion lively finnish spitz flame colored foxy faced breed land lake small fearless hunting dog whose unique style tracking indicating quarry earned nickname barking bird dog friendly good natured lively non-sporting_group finnish_spitz weekly_brushing seasonal needs_lots_of_activity agreeable friendly
109,flat_coated_retriever,flat coated retriever eponymous flat lying coat come lustrous black liver feathering leg tail distinctive breed hallmark long head unique among retriever project smart kindly expression flat coat stand tall labrador retriever silhouette present leaner elegant look dogdom champion tail waggers flat coat among happiest breed mature slowly owner say never grow retaining puppyish taste rambunctious mischief old age either delightful exasperating depending tolerance monkeyshines highly energetic breed requires lot outdoorsy exercise peter pan sporting group forever young flat coated retriever gundog relatively recent origin happy self assured willing please good flat coat retrieve duck show ribbon equal aplomb,cheerful optimistic good humored,91,55.88,62.23,27.2155422,31.751465900000003,8.0,10.0,sporting_group,0.4,weekly_brushing,0.8,regularly,1.0,needs_lots_of_activity,1.0,eager_to_please,0.8,friendly,149,3,flat coated retriever eponymous flat lying coat come lustrous black liver feathering leg tail distinctive breed hallmark long head unique among retriever project smart kindly expression flat coat stand tall labrador retriever silhouette present leaner elegant look dogdom champion tail waggers flat coat among happiest breed mature slowly owner say never grow retaining puppyish taste rambunctious mischief old age either delightful exasperating depending tolerance monkeyshines highly energetic breed requires lot outdoorsy exercise peter pan sporting group forever young flat coated retriever gundog relatively recent origin happy self assured willing please good flat coat retrieve duck show ribbon equal aplomb cheerful optimistic good humored sporting_group flat_coated_retriever weekly_brushing regularly needs_lots_of_activity eager_to_please friendly
110,french_bulldog,french bulldog resembles bulldog miniature except large erect bat ear breed trademark feature head large square heavy wrinkle rolled extremely short nose body beneath smooth brilliant coat compact muscular bright affectionate frenchie charmer dog word frenchies bark much alertness make excellent watchdog happily adapt life single couple family require lot outdoor exercise get well animal enjoy making new friend human variety wonder city folk paris peoria swear vastly amusing companionable breed one kind french bulldog large bat ear even disposition one world popular small dog breed especially among city dweller frenchie playful alert adaptable completely irresistible,adaptable playful smart,4,27.94,33.02,12.70058636,12.70058636,10.0,12.0,non-sporting_group,0.2,occasional_bath/brush,0.8,regularly,0.4,calm,0.6,agreeable,0.6,alert/responsive,155,3,french bulldog resembles bulldog miniature except large erect bat ear breed trademark feature head large square heavy wrinkle rolled extremely short nose body beneath smooth brilliant coat compact muscular bright affectionate frenchie charmer dog word frenchies bark much alertness make excellent watchdog happily adapt life single couple family require lot outdoor exercise get well animal enjoy making new friend human variety wonder city folk paris peoria swear vastly amusing companionable breed one kind french bulldog large bat ear even disposition one world popular small dog breed especially among city dweller frenchie playful alert adaptable completely irresistible adaptable playful smart non-sporting_group french_bulldog occasional_bath/brush regularly calm agreeable alert/responsive
111,french_spaniel,french spaniel epagneul français native country france medium sized dog elegant muscled medium proportion balanced construction provides energy toughness essential utilization highly intelligent nature enthusiasm willingness work hard heritage easy train club contact detailsclub french spaniel club usaname elaine mckinneyemail esspaniel yahoo comaddress venus ave bartlett tn phone french spaniel balanced frank gentle calm docile enthusiastic hunter sociable dog ideal companion circumstance excellent pointing dog also talent retrieving,gentle sociable intelligent,,54.61,60.96,22.6796185,27.2155422,10.0,12.0,foundation_stock_service,0.4,weekly_brushing,0.6,seasonal,0.6,regular_exercise,0.6,agreeable,0.6,friendly,112,3,french spaniel epagneul français native country france medium sized dog elegant muscled medium proportion balanced construction provides energy toughness essential utilization highly intelligent nature enthusiasm willingness work hard heritage easy train club contact detailsclub french spaniel club usaname elaine mckinneyemail esspaniel yahoo comaddress venus ave bartlett tn phone french spaniel balanced frank gentle calm docile enthusiastic hunter sociable dog ideal companion circumstance excellent pointing dog also talent retrieving gentle sociable intelligent foundation_stock_service french_spaniel weekly_brushing seasonal regular_exercise agreeable friendly
112,german_longhaired_pointer,german longhaired pointer gun dog expected search point track retrieve game excel type hunting situation waterfowl hunting searching upland game bird retrieving furred game wood prairie typically rabbit squirrel north america unique ability able switch calm household pet fiery passionate hunter bred hunting century superior tried tested hunting companion club german longhaired pointer club north americaname del peterson presidentphone email glpcna germanlonghairpointers com good way describe german longhaired pointer appearance continental europe version setter pointing dog full tail long coat dense guard hair moderate undercoat one noteworthy difference glp affection swimming therefore waterfowl hunting coat color reflects mixture marking similar german shorthaired pointer,versatile calm family oriented,,55.88,71.12,24.947580350000003,36.2873896,12.0,14.0,foundation_stock_service,0.2,occasional_bath/brush,0.6,seasonal,0.8,energetic,1.0,eager_to_please,0.8,friendly,167,3,german longhaired pointer gun dog expected search point track retrieve game excel type hunting situation waterfowl hunting searching upland game bird retrieving furred game wood prairie typically rabbit squirrel north america unique ability able switch calm household pet fiery passionate hunter bred hunting century superior tried tested hunting companion club german longhaired pointer club north americaname del peterson presidentphone email glpcna germanlonghairpointers com good way describe german longhaired pointer appearance continental europe version setter pointing dog full tail long coat dense guard hair moderate undercoat one noteworthy difference glp affection swimming therefore waterfowl hunting coat color reflects mixture marking similar german shorthaired pointer versatile calm family oriented foundation_stock_service german_longhaired_pointer occasional_bath/brush seasonal energetic eager_to_please friendly
113,german_pinscher,sleek shiny streamlined german pinscher true dog lover delight eye catching elegant way honestly doggy nothing fussy exaggerated stand knee high average adult muscle ripple beneath shimmering coat red black blue red accent nobility elongated wedge shaped head dark eye alert eager german pinscher move kind strong free easy gait tell confident companion anything day might bring sleek frill german pinscher among germany oldest breed prototype pinscher breed energetic super intelligent dog first used rat catcher trained type canine work,courageous intelligent vivacious,134,43.18,50.8,11.33980925,20.41165665,12.0,14.0,working_group,0.2,occasional_bath/brush,0.4,occasional,1.0,needs_lots_of_activity,0.6,agreeable,0.6,alert/responsive,125,3,sleek shiny streamlined german pinscher true dog lover delight eye catching elegant way honestly doggy nothing fussy exaggerated stand knee high average adult muscle ripple beneath shimmering coat red black blue red accent nobility elongated wedge shaped head dark eye alert eager german pinscher move kind strong free easy gait tell confident companion anything day might bring sleek frill german pinscher among germany oldest breed prototype pinscher breed energetic super intelligent dog first used rat catcher trained type canine work courageous intelligent vivacious working_group german_pinscher occasional_bath/brush occasional needs_lots_of_activity agreeable alert/responsive
114,german_shepherd_dog,german shepherd dog stand high inch shoulder viewed outline present picture smooth graceful curve rather angle natural gait free easy trot turn notch two reach great speed many reason german shepherd stand front rank canine royalty expert say defining attribute character loyalty courage confidence ability learn command many task willingness put life line defense loved one german shepherd gentle family pet steadfast guardian breed standard say certain aloofness lend immediate indiscriminate friendship generally considered dogkind finest purpose worker german shepherd dog large agile muscular dog noble character high intelligence loyal confident courageous steady german shepherd truly dog lover delight,confident courageous smart,2,55.88,66.04,22.6796185,40.8233133,7.0,10.0,herding_group,0.4,weekly_brushing,0.8,regularly,0.6,regular_exercise,1.0,eager_to_please,0.6,alert/responsive,162,3,german shepherd dog stand high inch shoulder viewed outline present picture smooth graceful curve rather angle natural gait free easy trot turn notch two reach great speed many reason german shepherd stand front rank canine royalty expert say defining attribute character loyalty courage confidence ability learn command many task willingness put life line defense loved one german shepherd gentle family pet steadfast guardian breed standard say certain aloofness lend immediate indiscriminate friendship generally considered dogkind finest purpose worker german shepherd dog large agile muscular dog noble character high intelligence loyal confident courageous steady german shepherd truly dog lover delight confident courageous smart herding_group german_shepherd_dog weekly_brushing regularly regular_exercise eager_to_please alert/responsive
115,german_shorthaired_pointer,male german shorthaired pointer stand inch shoulder weigh anywhere pound female run smaller coat solid liver reddish brown liver white distinctive pattern dark eye shine enthusiasm friendliness built work long day field lake gsps known power speed agility endurance noble aristocratic word often used describe overall look gsps make happy trainable pet bond firmly family always physical activity like running swimming organized dog sport fact anything burn boundless energy spending outdoors time human buddy versatile medium sized german shorthaired pointer enthusiastic gundog trade thrives vigorous exercise positive training lot love gsp people call aristocratic companion perfect pointer,friendly smart willing please,9,53.34,63.5,20.41165665,31.751465900000003,10.0,12.0,sporting_group,0.4,weekly_brushing,0.8,regularly,1.0,needs_lots_of_activity,1.0,eager_to_please,0.8,friendly,155,5,male german shorthaired pointer stand inch shoulder weigh anywhere pound female run smaller coat solid liver reddish brown liver white distinctive pattern dark eye shine enthusiasm friendliness built work long day field lake gsps known power speed agility endurance noble aristocratic word often used describe overall look gsps make happy trainable pet bond firmly family always physical activity like running swimming organized dog sport fact anything burn boundless energy spending outdoors time human buddy versatile medium sized german shorthaired pointer enthusiastic gundog trade thrives vigorous exercise positive training lot love gsp people call aristocratic companion perfect pointer friendly smart willing please sporting_group german_shorthaired_pointer weekly_brushing regularly needs_lots_of_activity eager_to_please friendly
116,german_spitz,spitz breed like german spitz captivating account beautiful coat made stand plentiful undercoat particularly impressive strong mane like collar around neck called ruff bushy tail carried boldly back foxy head alert eye small pointed closely set ear give german spitz unique cheeky appearance coat come variety color including white black cream gold black tan sable chocolate brown though easily trainable lively intelligent breed also independent streak properly trained noisy well socialized german spitz happy mingling people dog german spitz always attentive lively exceptionally devoted owner teachable easy train distrust towards stranger lack hunting instinct make ideal watchdog home indifference weather robustness longevity outstanding attribute,devoted lively attentive,,30.48,38.1,10.88621688,11.79340162,13.0,15.0,foundation_stock_service,0.6,2-3_times_a_week_brushing,0.6,seasonal,0.6,regular_exercise,1.0,eager_to_please,0.4,reserved_with_strangers,171,3,spitz breed like german spitz captivating account beautiful coat made stand plentiful undercoat particularly impressive strong mane like collar around neck called ruff bushy tail carried boldly back foxy head alert eye small pointed closely set ear give german spitz unique cheeky appearance coat come variety color including white black cream gold black tan sable chocolate brown though easily trainable lively intelligent breed also independent streak properly trained noisy well socialized german spitz happy mingling people dog german spitz always attentive lively exceptionally devoted owner teachable easy train distrust towards stranger lack hunting instinct make ideal watchdog home indifference weather robustness longevity outstanding attribute devoted lively attentive foundation_stock_service german_spitz 2-3_times_a_week_brushing seasonal regular_exercise eager_to_please reserved_with_strangers
117,german_wirehaired_pointer,standing high inch shoulder gwps bit taller heavier close relative german shorthaired pointer gwps balanced well muscled resilient agile generally built beat bush day long without tiring harsh wire coat protects thorny underbrush foul weather shaggy beard eyebrow complete intelligent worldly expression need running great outdoors must say one veteran owner breed happy couch day gwps bright eager independent inquisitive nature might frustrate novice owner good fit looking loving companion enjoys sport togetherness sporty weatherproof coat attitude noble german wirehaired pointer versatile sturdy gundog thrives outdoor activity around house gwp eager affectionate amusing family companion,affectionate eager enthusiastic,63,55.88,66.04,22.6796185,31.751465900000003,14.0,16.0,sporting_group,0.4,weekly_brushing,0.8,regularly,1.0,needs_lots_of_activity,1.0,eager_to_please,0.4,reserved_with_strangers,157,3,standing high inch shoulder gwps bit taller heavier close relative german shorthaired pointer gwps balanced well muscled resilient agile generally built beat bush day long without tiring harsh wire coat protects thorny underbrush foul weather shaggy beard eyebrow complete intelligent worldly expression need running great outdoors must say one veteran owner breed happy couch day gwps bright eager independent inquisitive nature might frustrate novice owner good fit looking loving companion enjoys sport togetherness sporty weatherproof coat attitude noble german wirehaired pointer versatile sturdy gundog thrives outdoor activity around house gwp eager affectionate amusing family companion affectionate eager enthusiastic sporting_group german_wirehaired_pointer weekly_brushing regularly needs_lots_of_activity eager_to_please reserved_with_strangers
118,giant_schnauzer,well bred giant schnauzer closely resembles standard schnauzer bigger name suggests giant imposing male might stand high inch shoulder weigh pound muscular substantial body breed fancier put bold valiant figure dog double coat either solid black pepper salt familiar characteristic mini standard giant harsh beard eyebrow accentuating keen sagacious expression giant schnauzer larger powerful version standard schnauzer breed standard say bold valiant figure dog great intelligence loyalty make stellar worker companion,loyal alert trainable,78,59.69,69.85,24.947580350000003,38.55535145,12.0,15.0,working_group,0.8,daily_brushing,0.6,seasonal,1.0,needs_lots_of_activity,0.8,easy_training,0.6,alert/responsive,123,3,well bred giant schnauzer closely resembles standard schnauzer bigger name suggests giant imposing male might stand high inch shoulder weigh pound muscular substantial body breed fancier put bold valiant figure dog double coat either solid black pepper salt familiar characteristic mini standard giant harsh beard eyebrow accentuating keen sagacious expression giant schnauzer larger powerful version standard schnauzer breed standard say bold valiant figure dog great intelligence loyalty make stellar worker companion loyal alert trainable working_group giant_schnauzer daily_brushing seasonal needs_lots_of_activity easy_training alert/responsive
119,glen_of_imaal_terrier,glen scruffy sturdy low slung terrier standing inch shoulder nothing fancy fussed glen rather wiry frill coat broad head bowed front leg suggest working farm dog time place substance important style yet also ridiculously cute take heart stone resist reaching give glen scratch behind ear pat well muscled rump gentler less excitable terrier still bold spirited double coated glen imaal terrier named one ireland remote locale brave docile glen strong fuss dog built hard work,gentle spirited bold,174,31.75,35.56,14.51495584,18.1436948,10.0,15.0,terrier_group,0.6,2-3_times_a_week_brushing,0.4,occasional,0.6,regular_exercise,0.4,independent,0.6,alert/responsive,121,3,glen scruffy sturdy low slung terrier standing inch shoulder nothing fancy fussed glen rather wiry frill coat broad head bowed front leg suggest working farm dog time place substance important style yet also ridiculously cute take heart stone resist reaching give glen scratch behind ear pat well muscled rump gentler less excitable terrier still bold spirited double coated glen imaal terrier named one ireland remote locale brave docile glen strong fuss dog built hard work gentle spirited bold terrier_group glen_of_imaal_terrier 2-3_times_a_week_brushing occasional regular_exercise independent alert/responsive
120,golden_retriever,golden retriever sturdy muscular dog medium size famous dense lustrous coat gold give breed name broad head friendly intelligent eye short ear straight muzzle breed hallmark motion goldens move smooth powerful gait feathery tail carried breed fancier say merry action complete record development golden retriever included record book kept gamekeeper guisachan pronounced gooeesicun estate lord tweedmouth inverness shire scotland record released public notice country life lord tweedmouth great nephew sixth earl ilchester historian sportsman published material left ancestor provided factual confirmation story handed generation goldens outgoing trustworthy eager please family dog relatively easy train take joyous playful approach life maintain puppyish behavior adulthood energetic powerful gundogs enjoy outdoor play breed built retrieve waterfowl hour end swimming fetching natural pastime golden retriever exuberant scottish gundog great beauty stand among america popular dog breed serious worker hunting field work guide blind search rescue enjoy obedience competitive event endearing love life work,friendly intelligent devoted,3,54.61,60.96,24.947580350000003,34.01942775,10.0,12.0,sporting_group,0.4,weekly_brushing,0.6,seasonal,1.0,needs_lots_of_activity,1.0,eager_to_please,0.8,friendly,255,3,golden retriever sturdy muscular dog medium size famous dense lustrous coat gold give breed name broad head friendly intelligent eye short ear straight muzzle breed hallmark motion goldens move smooth powerful gait feathery tail carried breed fancier say merry action complete record development golden retriever included record book kept gamekeeper guisachan pronounced gooeesicun estate lord tweedmouth inverness shire scotland record released public notice country life lord tweedmouth great nephew sixth earl ilchester historian sportsman published material left ancestor provided factual confirmation story handed generation goldens outgoing trustworthy eager please family dog relatively easy train take joyous playful approach life maintain puppyish behavior adulthood energetic powerful gundogs enjoy outdoor play breed built retrieve waterfowl hour end swimming fetching natural pastime golden retriever exuberant scottish gundog great beauty stand among america popular dog breed serious worker hunting field work guide blind search rescue enjoy obedience competitive event endearing love life work friendly intelligent devoted sporting_group golden_retriever weekly_brushing seasonal needs_lots_of_activity eager_to_please friendly
121,gordon_setter,gordons largest substantial setter big male might stand inch shoulder weigh pound stunning coat glistening black tan marking long hair ear belly leg chest tail tan spot bright brown eye point wise willing expression like scot breed compact scottish terrier majestic scottish deerhound gordons built withstand homeland tough terrain foul weather gordon setter black avenger highland substantial bird dog named scottish aristocrat athletic outdoorsy gordons bold confident resolute field sweetly affectionate fireside,affectionate confident bold,115,58.42,68.58,20.41165665,36.2873896,12.0,13.0,sporting_group,0.4,weekly_brushing,0.6,seasonal,1.0,needs_lots_of_activity,0.4,independent,0.4,reserved_with_strangers,121,3,gordons largest substantial setter big male might stand inch shoulder weigh pound stunning coat glistening black tan marking long hair ear belly leg chest tail tan spot bright brown eye point wise willing expression like scot breed compact scottish terrier majestic scottish deerhound gordons built withstand homeland tough terrain foul weather gordon setter black avenger highland substantial bird dog named scottish aristocrat athletic outdoorsy gordons bold confident resolute field sweetly affectionate fireside affectionate confident bold sporting_group gordon_setter weekly_brushing seasonal needs_lots_of_activity independent reserved_with_strangers
122,grand_basset_griffon_vendéen,first let deal name roughly translated mean large low shaggy dog vendée pronounced grand bah say gree fohn von day uhn let look dog sweet faced long eared fellow shaggy coat whose mustache beard profuse eyebrow suggest look worldly amiable frenchman beneath grand old world charm rugged sturdily built bruiser deceptively quick light footed stamen courage longer tall hunter stuff gallic legend grand basset griffon vendéen french scenthound somewhat active never high strung yet gbgvs busy dog tire easily,independent happy outgoing,177,39.37,45.72,18.1436948,20.41165665,13.0,15.0,hound_group,0.4,weekly_brushing,0.6,seasonal,1.0,needs_lots_of_activity,0.4,independent,0.8,friendly,109,3,first let deal name roughly translated mean large low shaggy dog vendée pronounced grand bah say gree fohn von day uhn let look dog sweet faced long eared fellow shaggy coat whose mustache beard profuse eyebrow suggest look worldly amiable frenchman beneath grand old world charm rugged sturdily built bruiser deceptively quick light footed stamen courage longer tall hunter stuff gallic legend grand basset griffon vendéen french scenthound somewhat active never high strung yet gbgvs busy dog tire easily independent happy outgoing hound_group grand_basset_griffon_vendéen weekly_brushing seasonal needs_lots_of_activity independent friendly
123,great_dane,tall inch shoulder dane tower dog standing hind leg taller people powerful giant picture elegance balance smooth easy stride born nobleman coat come different color pattern perhaps best known black white patchwork pattern known harlequin despite sweet nature dane alert home guardian sight gentle giant usually enough make intruder think twice foolish enough mistake breed friendliness softness meet powerful foe true courage spirit patient kid dane people pleaser make friend easily easygoing great dane mighty apollo dog total joy live owning dog imposing size weight strength commitment entered lightly breed indeed great dane,friendly patient dependable,16,71.12,81.28,49.895160700000005,79.37866475,7.0,10.0,working_group,0.2,occasional_bath/brush,0.6,seasonal,0.8,energetic,0.6,agreeable,0.6,alert/responsive,163,3,tall inch shoulder dane tower dog standing hind leg taller people powerful giant picture elegance balance smooth easy stride born nobleman coat come different color pattern perhaps best known black white patchwork pattern known harlequin despite sweet nature dane alert home guardian sight gentle giant usually enough make intruder think twice foolish enough mistake breed friendliness softness meet powerful foe true courage spirit patient kid dane people pleaser make friend easily easygoing great dane mighty apollo dog total joy live owning dog imposing size weight strength commitment entered lightly breed indeed great dane friendly patient dependable working_group great_dane occasional_bath/brush seasonal energetic agreeable alert/responsive
124,great_pyrenees,frequently described majestic pyrs big immensely strong mountain dog standing high inch shoulder often tipping scale pound steadfast guardian usually exhibit zen like calm quickly spring action move grace speed meet threat lush weatherproof coat white white marking beautiful shade gray tan reddish brown badger great pyrenees large thickly coated immensely powerful working dog bred deter sheep stealing wolf predator snowy mountaintops pyrs today mellow companion vigilant guardian home family,smart patient calm,66,63.5,81.28,38.55535145,45.359237,10.0,12.0,working_group,0.4,weekly_brushing,0.6,seasonal,1.0,needs_lots_of_activity,0.4,independent,0.4,reserved_with_strangers,111,3,frequently described majestic pyrs big immensely strong mountain dog standing high inch shoulder often tipping scale pound steadfast guardian usually exhibit zen like calm quickly spring action move grace speed meet threat lush weatherproof coat white white marking beautiful shade gray tan reddish brown badger great pyrenees large thickly coated immensely powerful working dog bred deter sheep stealing wolf predator snowy mountaintops pyrs today mellow companion vigilant guardian home family smart patient calm working_group great_pyrenees weekly_brushing seasonal needs_lots_of_activity independent reserved_with_strangers
125,greater_swiss_mountain_dog,greater well standing high inch weighing much midsize human greater swiss might easily greater swissies immensely strong yet agile enough move flock across sloping foot mountain coat striking tricolor black red white head muzzle typically white marking blaze setting sweet expression several big mountain dog breed described majestic swissies practically invented word greater swiss mountain dog large immensely strong worker famous dense coat striking black red white marking dependable faithful swissies earned feed herder drafter around pasture dog,faithful family oriented dependable,74,59.69,72.39,38.55535145,63.502931800000006,8.0,11.0,working_group,0.4,weekly_brushing,0.6,seasonal,0.8,energetic,0.6,agreeable,0.6,alert/responsive,120,3,greater well standing high inch weighing much midsize human greater swiss might easily greater swissies immensely strong yet agile enough move flock across sloping foot mountain coat striking tricolor black red white head muzzle typically white marking blaze setting sweet expression several big mountain dog breed described majestic swissies practically invented word greater swiss mountain dog large immensely strong worker famous dense coat striking black red white marking dependable faithful swissies earned feed herder drafter around pasture dog faithful family oriented dependable working_group greater_swiss_mountain_dog weekly_brushing seasonal energetic agreeable alert/responsive
126,greyhound,greyhound essence dog breeder credo form follows function narrow aerodynamic skull shock absorbing pad foot greyhound perfectly constructed high speed pursuit lean beauty greyhound inverted shape created deep chest curving gently tightly tucked waist object fascination artist poet king long human being called civilized greyhound template coursing hound struck champion sprinter dogdom greyhound dog breed gentle noble sweet tempered companion independent spirit thousand year graceful hound object fascination artist poet king,gentle independent noble,145,68.58,76.2,27.2155422,31.751465900000003,10.0,13.0,hound_group,0.2,occasional_bath/brush,0.4,occasional,0.8,energetic,0.4,independent,0.8,friendly,123,3,greyhound essence dog breeder credo form follows function narrow aerodynamic skull shock absorbing pad foot greyhound perfectly constructed high speed pursuit lean beauty greyhound inverted shape created deep chest curving gently tightly tucked waist object fascination artist poet king long human being called civilized greyhound template coursing hound struck champion sprinter dogdom greyhound dog breed gentle noble sweet tempered companion independent spirit thousand year graceful hound object fascination artist poet king gentle independent noble hound_group greyhound occasional_bath/brush occasional energetic independent friendly
127,hamiltonstovare,hamiltonstovare commonly multi purpose dog hunter show dog pet one regal versatile little package hound follow nose wherever go return good long leash fence necessity breed unlike scent hound though hamiltonstovare extremely high prey drive scent sight make excellent lure coursing dog home lazy low maintenance dog rarely shed food motivated easy train despite hound stubbornness higher competitive obedience level usually option major problem breed accessibility one breeder hamiltonstovare united state unfortunately hamiltonstovare rescue problem u well found rural shelter virginia north carolina west virginia kentucky south carolina tennessee club contact detailsclub hamiltonstovare club americaname ashley hammockemail oceaniahamilton hotmail comaddress chapel hill rd goochland va hamiltonstovare versatile scent hound bred hunt hare fox sweden hunting found show ring striking color make stunning show dog hamilton used service dog america since late versatility close bond people shine,agile versatile regal,,48.26,60.96,18.1436948,34.01942775,14.0,17.0,foundation_stock_service,0.2,occasional_bath/brush,0.2,infrequent,0.8,energetic,0.6,agreeable,0.8,friendly,237,3,hamiltonstovare commonly multi purpose dog hunter show dog pet one regal versatile little package hound follow nose wherever go return good long leash fence necessity breed unlike scent hound though hamiltonstovare extremely high prey drive scent sight make excellent lure coursing dog home lazy low maintenance dog rarely shed food motivated easy train despite hound stubbornness higher competitive obedience level usually option major problem breed accessibility one breeder hamiltonstovare united state unfortunately hamiltonstovare rescue problem u well found rural shelter virginia north carolina west virginia kentucky south carolina tennessee club contact detailsclub hamiltonstovare club americaname ashley hammockemail oceaniahamilton hotmail comaddress chapel hill rd goochland va hamiltonstovare versatile scent hound bred hunt hare fox sweden hunting found show ring striking color make stunning show dog hamilton used service dog america since late versatility close bond people shine agile versatile regal foundation_stock_service hamiltonstovare occasional_bath/brush infrequent energetic agreeable friendly
128,hanoverian_scenthound,hailing germany hanoverian scenthound hannoverscher schweißhund native language general appearance highly efficient hanoverian medium large size well proportioned powerful well set strongly muscled fore hind limb qualify tireless work broad deep chest provides ample room lung enables long strenuous chase slightly wrinkled forehead clear dark eye produce serious expression typical hanoverian scenthound also typical breed red primary color coat vary pale fawn color dark brindle appearing almost black hanoverian scenthound calm assured temperament time sensitive handler choosy discerning stranger high capability concentration tracking work strong loyalty hunter charge,loyal independent calm,,48.26,53.34,35.83379723,44.905644630000005,10.0,14.0,foundation_stock_service,0.2,occasional_bath/brush,0.2,infrequent,0.6,regular_exercise,0.4,independent,0.4,reserved_with_strangers,144,3,hailing germany hanoverian scenthound hannoverscher schweißhund native language general appearance highly efficient hanoverian medium large size well proportioned powerful well set strongly muscled fore hind limb qualify tireless work broad deep chest provides ample room lung enables long strenuous chase slightly wrinkled forehead clear dark eye produce serious expression typical hanoverian scenthound also typical breed red primary color coat vary pale fawn color dark brindle appearing almost black hanoverian scenthound calm assured temperament time sensitive handler choosy discerning stranger high capability concentration tracking work strong loyalty hunter charge loyal independent calm foundation_stock_service hanoverian_scenthound occasional_bath/brush infrequent regular_exercise independent reserved_with_strangers
129,harrier,somewhat resembling beagle gym membership harrier larger powerful hound diminutive cousin smaller english foxhound breed used development standing inch shoulder harrier timeless look working pack hound short smart looking coat low set velvety ear irresistibly sweet face enough muscle sinew endure long day hunt well built harrier cover ground smooth efficient gait harrier swift prey driven pack hound medium size first bred medieval england chase hare outgoing friendly harrier much larger beagle smaller another close relative english foxhound,friendly outgoing people oriented,189,48.26,53.34,20.41165665,27.2155422,12.0,15.0,hound_group,0.4,weekly_brushing,0.4,occasional,1.0,needs_lots_of_activity,0.8,easy_training,0.8,friendly,120,3,somewhat resembling beagle gym membership harrier larger powerful hound diminutive cousin smaller english foxhound breed used development standing inch shoulder harrier timeless look working pack hound short smart looking coat low set velvety ear irresistibly sweet face enough muscle sinew endure long day hunt well built harrier cover ground smooth efficient gait harrier swift prey driven pack hound medium size first bred medieval england chase hare outgoing friendly harrier much larger beagle smaller another close relative english foxhound friendly outgoing people oriented hound_group harrier weekly_brushing occasional needs_lots_of_activity easy_training friendly
130,havanese,distinctive feature havanese include curled tail gorgeous silky coat come variety color owner enjoy cording coat manner pul others clip short reduce grooming time happily havenese cute matter hairdo give small sturdy body adaptable nature social skill make havanese ideal city dog content anywhere command attention admirer young old alike havanese smart trainable extrovert comic instinct born clown natural trick dog havanese also excellent watchdog take job seriously usually keep barking minimum havanese dog breed native cuba cheerful little dog spring step gleam big brown eye vivacious sociable companion becoming especially popular american city dweller,intelligent outgoing funny,24,21.59,29.21,3.17514659,5.8967008100000005,14.0,16.0,toy_group,0.6,2-3_times_a_week_brushing,0.4,occasional,0.6,regular_exercise,0.8,easy_training,1.0,outgoing,164,3,distinctive feature havanese include curled tail gorgeous silky coat come variety color owner enjoy cording coat manner pul others clip short reduce grooming time happily havenese cute matter hairdo give small sturdy body adaptable nature social skill make havanese ideal city dog content anywhere command attention admirer young old alike havanese smart trainable extrovert comic instinct born clown natural trick dog havanese also excellent watchdog take job seriously usually keep barking minimum havanese dog breed native cuba cheerful little dog spring step gleam big brown eye vivacious sociable companion becoming especially popular american city dweller intelligent outgoing funny toy_group havanese 2-3_times_a_week_brushing occasional regular_exercise easy_training outgoing
131,hokkaido,hokkaido medium sized strongly built dog longer thicker coat japanese breed also wider chest smaller ear like nihon ken double coat made protective coarse outer guard hair fine thick undercoat shed seasonally breed come several color white red black brindle sesame wolf grey early training hokkaido loyal dedicated companion want please human family incredibly intelligent thinker problem solver excel task given socialized properly however hokkaido become wary stranger protective family breed extremely rare outside native country japan estimated population around yearly registration hokkaido dog noteworthy endurance dignity temperament faithful docile alert bold also show accurate judgement great stamen,dignified alert devoted,,45.72,50.8,19.95806428,29.937096420000003,12.0,15.0,foundation_stock_service,0.4,weekly_brushing,0.6,seasonal,0.8,energetic,0.6,agreeable,0.6,friendly,169,3,hokkaido medium sized strongly built dog longer thicker coat japanese breed also wider chest smaller ear like nihon ken double coat made protective coarse outer guard hair fine thick undercoat shed seasonally breed come several color white red black brindle sesame wolf grey early training hokkaido loyal dedicated companion want please human family incredibly intelligent thinker problem solver excel task given socialized properly however hokkaido become wary stranger protective family breed extremely rare outside native country japan estimated population around yearly registration hokkaido dog noteworthy endurance dignity temperament faithful docile alert bold also show accurate judgement great stamen dignified alert devoted foundation_stock_service hokkaido weekly_brushing seasonal energetic agreeable friendly
132,hovawart,physically hovawarts large heavy boned dog bred intelligent guardian livestock home come three color blonde black tan black alert faithful trustworthy extremely intelligent fun loving stubborn hovawart like job use creative nature find one take approximately two year mature currently hovawarts north america participating search rescue organization therapy dog activity obedience trial agility trial flyball service dog training owning hovawart quite challenge require significant time attention owner recommended first time dog owner however owner willing expend effort teach dog appropriate behavior different situation reward faithful companion hovawart family dog develops strong bond pack must part family life need bond closely owner family well integrated family mind spending occasional hour kennel club contact detailsclub hovawart club north americaemail info hovawartclub org hovawart medium temperament working dog versatile usage good nose kind even disposition protective instinct self confident ability take stress balanced body proportion special devotion family make outstanding companion watch guard tracking rescue dog,alert faithful intelligent,,58.42,71.12,29.48350405,40.8233133,10.0,14.0,foundation_stock_service,0.2,occasional_bath/brush,0.6,seasonal,0.6,regular_exercise,0.2,may_be_stubborn,0.4,reserved_with_strangers,258,3,physically hovawarts large heavy boned dog bred intelligent guardian livestock home come three color blonde black tan black alert faithful trustworthy extremely intelligent fun loving stubborn hovawart like job use creative nature find one take approximately two year mature currently hovawarts north america participating search rescue organization therapy dog activity obedience trial agility trial flyball service dog training owning hovawart quite challenge require significant time attention owner recommended first time dog owner however owner willing expend effort teach dog appropriate behavior different situation reward faithful companion hovawart family dog develops strong bond pack must part family life need bond closely owner family well integrated family mind spending occasional hour kennel club contact detailsclub hovawart club north americaemail info hovawartclub org hovawart medium temperament working dog versatile usage good nose kind even disposition protective instinct self confident ability take stress balanced body proportion special devotion family make outstanding companion watch guard tracking rescue dog alert faithful intelligent foundation_stock_service hovawart occasional_bath/brush seasonal regular_exercise may_be_stubborn reserved_with_strangers
133,ibizan_hound,ibizans lithe leggy visitor dawn civilization art history student recognize elongated head large erect ear familiar motif ancient egypt elegant racy body stand inch shoulder coat color solid red white red white pattern rosy colored leather nose eye rim lip along amber caramel eye perfectly complement coat breed quiet grace often described deer like ibizan hound lithe leggy visitor dawn civilization bred rabbit courser rocky shore spain balearic island world class sprinter leaper ibizans need ample space air engine,family oriented even tempered polite,152,57.15,69.85,20.41165665,22.6796185,11.0,14.0,hound_group,0.2,occasional_bath/brush,0.4,occasional,1.0,needs_lots_of_activity,0.4,independent,0.4,reserved_with_strangers,123,3,ibizans lithe leggy visitor dawn civilization art history student recognize elongated head large erect ear familiar motif ancient egypt elegant racy body stand inch shoulder coat color solid red white red white pattern rosy colored leather nose eye rim lip along amber caramel eye perfectly complement coat breed quiet grace often described deer like ibizan hound lithe leggy visitor dawn civilization bred rabbit courser rocky shore spain balearic island world class sprinter leaper ibizans need ample space air engine family oriented even tempered polite hound_group ibizan_hound occasional_bath/brush occasional needs_lots_of_activity independent reserved_with_strangers
134,icelandic_sheepdog,icelandic one northern breed around world classified spitz breed spitziness expressed dense coat foxy face pointed ear bushy curling tail icelandic standing higher inch shoulder consider medium sized come several predominant color always accompanied white marking endearing trait facial expression friendly happy always looking though place rather icelandic sheepdog iceland native dog breed charmingly friendly faithful around herder small medium size densely coated nordic spitz type breed icelandic enthusiastically devoted human,friendly playful inquisitive,155,41.91,45.72,11.33980925,13.6077711,12.0,14.0,herding_group,0.4,weekly_brushing,0.6,seasonal,0.8,energetic,1.0,eager_to_please,0.8,friendly,118,3,icelandic one northern breed around world classified spitz breed spitziness expressed dense coat foxy face pointed ear bushy curling tail icelandic standing higher inch shoulder consider medium sized come several predominant color always accompanied white marking endearing trait facial expression friendly happy always looking though place rather icelandic sheepdog iceland native dog breed charmingly friendly faithful around herder small medium size densely coated nordic spitz type breed icelandic enthusiastically devoted human friendly playful inquisitive herding_group icelandic_sheepdog weekly_brushing seasonal energetic eager_to_please friendly
135,irish_red_and_white_setter,sportsman thrill sight noble red white frozen point motionless statue medium large bird dog powerful solid sinewy enough stamen bird sense get job done day week twice sunday stunning coat vivid red island floating sea pearl white practical function enables hunter spot dog distance handsome face project keen kindly expression rollicking irish red white setter athletic medium sized bird dog bred primarily hunting fun loving friendly high spirited irish red white bit shorter stockier cousin irish setter,courageous spirited determined,146,57.15,66.04,15.875732950000002,27.2155422,11.0,15.0,sporting_group,0.4,weekly_brushing,0.6,seasonal,1.0,needs_lots_of_activity,0.8,easy_training,0.8,friendly,118,3,sportsman thrill sight noble red white frozen point motionless statue medium large bird dog powerful solid sinewy enough stamen bird sense get job done day week twice sunday stunning coat vivid red island floating sea pearl white practical function enables hunter spot dog distance handsome face project keen kindly expression rollicking irish red white setter athletic medium sized bird dog bred primarily hunting fun loving friendly high spirited irish red white bit shorter stockier cousin irish setter courageous spirited determined sporting_group irish_red_and_white_setter weekly_brushing seasonal needs_lots_of_activity easy_training friendly
136,irish_setter,irish setter described partisan beautiful dog breed standing two foot shoulder substantial yet elegant build irish famed brilliant coat mahogany chestnut long sinewy leg powerful rear drive help place irish among swiftest sporting dog irish setter lovable personality endeared breed sportsman pet owner year irish outgoing dog enjoy making friend rambunctious redhead big kid heart eager please respond patient positive training said bold rugged hunting partner devil may care approach work irish setter high spirited gundog known grace swiftness flashy red coat famously good family dog sweet tempered companion folk rollicking playmate tennis ball fetchers child,active outgoing sweet natured,77,63.5,68.58,27.2155422,31.751465900000003,12.0,15.0,sporting_group,0.6,2-3_times_a_week_brushing,0.6,seasonal,1.0,needs_lots_of_activity,0.6,agreeable,1.0,outgoing,161,3,irish setter described partisan beautiful dog breed standing two foot shoulder substantial yet elegant build irish famed brilliant coat mahogany chestnut long sinewy leg powerful rear drive help place irish among swiftest sporting dog irish setter lovable personality endeared breed sportsman pet owner year irish outgoing dog enjoy making friend rambunctious redhead big kid heart eager please respond patient positive training said bold rugged hunting partner devil may care approach work irish setter high spirited gundog known grace swiftness flashy red coat famously good family dog sweet tempered companion folk rollicking playmate tennis ball fetchers child active outgoing sweet natured sporting_group irish_setter 2-3_times_a_week_brushing seasonal needs_lots_of_activity agreeable outgoing
137,irish_terrier,irish terrier prototype long legged terrier standing inch shoulder sturdy lithe graceful every line body eye catching overall picture beautifully balanced tight red coat fiery breed temperament dog lover delight heart go pitty pat sight technicolor terrier framed vivid green irish countryside forget dog buy goldfish irish terrier daredevil emerald isle bold dashing courageous terrier medium size known fiery red coat temperament match irish terrier stouthearted work tenderhearted home,bold dashing tenderhearted,116,45.72,45.72,11.33980925,12.24699399,13.0,15.0,terrier_group,0.2,occasional_bath/brush,0.6,seasonal,0.6,regular_exercise,0.6,agreeable,0.6,alert/responsive,121,3,irish terrier prototype long legged terrier standing inch shoulder sturdy lithe graceful every line body eye catching overall picture beautifully balanced tight red coat fiery breed temperament dog lover delight heart go pitty pat sight technicolor terrier framed vivid green irish countryside forget dog buy goldfish irish terrier daredevil emerald isle bold dashing courageous terrier medium size known fiery red coat temperament match irish terrier stouthearted work tenderhearted home bold dashing tenderhearted terrier_group irish_terrier occasional_bath/brush seasonal regular_exercise agreeable alert/responsive
138,irish_water_spaniel,standing inch shoulder weighing pound irish water spaniel straddle line medium large dog scale size among distinguishing characteristic crisply curled liver colored waterproof coat tapered rat tail cleanly chiseled head crowned topknot long loose curl iw move smooth ground covering gait enabling put long day work field tallest akc spaniel irish water spaniel instantly recognizable crisply curled coat tapering rat tail among champion swimmer dogdom alert inquisitive iw hardworking brave field playfully affectionate home,playful hardworking brave,159,53.34,60.96,20.41165665,30.84428116,12.0,13.0,sporting_group,0.4,weekly_brushing,0.6,seasonal,1.0,needs_lots_of_activity,0.8,easy_training,0.4,reserved_with_strangers,124,3,standing inch shoulder weighing pound irish water spaniel straddle line medium large dog scale size among distinguishing characteristic crisply curled liver colored waterproof coat tapered rat tail cleanly chiseled head crowned topknot long loose curl iw move smooth ground covering gait enabling put long day work field tallest akc spaniel irish water spaniel instantly recognizable crisply curled coat tapering rat tail among champion swimmer dogdom alert inquisitive iw hardworking brave field playfully affectionate home playful hardworking brave sporting_group irish_water_spaniel weekly_brushing seasonal needs_lots_of_activity easy_training reserved_with_strangers
139,irish_wolfhound,amiable irish wolfhound immense muscular hound gracefully built along classic greyhound line capable great speed gallop male might stand nearly foot shoulder weigh pound female run smaller still whole lot hound rough hard coat come many color including white gray brindle red black fawn iw serene fierce guard dog sight enough deter intruder iw characteristically patient kid though animal size supervised around small child owning irish wolfhound unique rewarding experience acquiring giant galloping hound commitment big dog calm dignified kindly irish wolfhound tallest akc breed fearless big game hunter capable dispatching wolf single combat wolfhound today serene agreeable companion,courageous dignified calm,76,76.2,81.28,47.62719885,54.4310844,6.0,8.0,hound_group,0.4,weekly_brushing,0.6,seasonal,0.6,regular_exercise,0.4,independent,0.6,alert/responsive,160,3,amiable irish wolfhound immense muscular hound gracefully built along classic greyhound line capable great speed gallop male might stand nearly foot shoulder weigh pound female run smaller still whole lot hound rough hard coat come many color including white gray brindle red black fawn iw serene fierce guard dog sight enough deter intruder iw characteristically patient kid though animal size supervised around small child owning irish wolfhound unique rewarding experience acquiring giant galloping hound commitment big dog calm dignified kindly irish wolfhound tallest akc breed fearless big game hunter capable dispatching wolf single combat wolfhound today serene agreeable companion courageous dignified calm hound_group irish_wolfhound weekly_brushing seasonal regular_exercise independent alert/responsive
140,italian_greyhound,ig greyhound miniature slender greyhound equal grace elegance standing ideally inch shoulder present sleek curving line common coursing hound distinguishing feature long fine boned leg ig combine attentiveness lapdog complexity ancient aristocratic hound bred century doting companion jester high stepping charmer refuse ignored whole writes ig expert breed would much rather lap bed floor though true sighthounds bolt quick moving prey drop cat short coat low fat breed ig require extra care cold weather true greyhound miniature elegant italian greyhound alert playful highly affectionate toy companion ig make decorative couch dog heart flash dash coursing hound instinct pursuit,playful alert sensitive,73,33.02,38.1,3.17514659,6.35029318,14.0,15.0,toy_group,0.2,occasional_bath/brush,0.6,seasonal,0.6,regular_exercise,0.4,independent,0.2,aloof/wary,155,3,ig greyhound miniature slender greyhound equal grace elegance standing ideally inch shoulder present sleek curving line common coursing hound distinguishing feature long fine boned leg ig combine attentiveness lapdog complexity ancient aristocratic hound bred century doting companion jester high stepping charmer refuse ignored whole writes ig expert breed would much rather lap bed floor though true sighthounds bolt quick moving prey drop cat short coat low fat breed ig require extra care cold weather true greyhound miniature elegant italian greyhound alert playful highly affectionate toy companion ig make decorative couch dog heart flash dash coursing hound instinct pursuit playful alert sensitive toy_group italian_greyhound occasional_bath/brush seasonal regular_exercise independent aloof/wary
141,jagdterrier,jagdterrier versatile hunting dog germany german jagdterrier literally mean hunt terrier particularly suited hunting ground flushing dog relatively small compact well proportioned dense coat either hard rough course smooth usually black tan dark brown grayish black well tan marking eyebrow muzzle chest leg base tail could also small white marking chest toe also known deutscher jagdterrier jagdterrier courageous enduring vital full temperament reliable sociable trainable always take pleasure work,courageous intelligent hardworking,,33.02,40.64,7.71107029,9.97903214,10.0,12.0,foundation_stock_service,0.4,weekly_brushing,0.6,seasonal,0.6,regular_exercise,0.6,agreeable,0.6,friendly,117,3,jagdterrier versatile hunting dog germany german jagdterrier literally mean hunt terrier particularly suited hunting ground flushing dog relatively small compact well proportioned dense coat either hard rough course smooth usually black tan dark brown grayish black well tan marking eyebrow muzzle chest leg base tail could also small white marking chest toe also known deutscher jagdterrier jagdterrier courageous enduring vital full temperament reliable sociable trainable always take pleasure work courageous intelligent hardworking foundation_stock_service jagdterrier weekly_brushing seasonal regular_exercise agreeable friendly
142,japanese_chin,chin unrivaled nobleman japanese breed tiny indoorsy companion unmistakably eastern look bearing head large muzzle short round dark eye convey chin fan like say look astonishment profuse mane around neck shoulder plumed tail arching back pant culotte hind leg project elegant exotic appearance typical asia royal line laptop cuddle bug japanese chin charming toy companion silky profuse coat unmistakably aristocratic bearing often described distinctly feline breed bright amusing lapdog fastidious graceful generally quiet,charming noble loving,104,20.32,27.94,3.17514659,4.9895160700000005,10.0,12.0,toy_group,0.4,weekly_brushing,0.6,seasonal,0.6,regular_exercise,0.4,independent,0.4,reserved_with_strangers,116,3,chin unrivaled nobleman japanese breed tiny indoorsy companion unmistakably eastern look bearing head large muzzle short round dark eye convey chin fan like say look astonishment profuse mane around neck shoulder plumed tail arching back pant culotte hind leg project elegant exotic appearance typical asia royal line laptop cuddle bug japanese chin charming toy companion silky profuse coat unmistakably aristocratic bearing often described distinctly feline breed bright amusing lapdog fastidious graceful generally quiet charming noble loving toy_group japanese_chin weekly_brushing seasonal regular_exercise independent reserved_with_strangers
143,japanese_spitz,japanese spitz companion breed enjoy company family truly little comedian love please family thus eager learn always smile face distinctive feature include pure white coat mane like feature neck also like spitz breed tail curl back beautiful hair plume pointed muzzle likens fox black nose black eye rim ear pointed triangle stand erect move like radar tower hearing everything going around making breed alert japanese spitz little comedian want make happy laugh loyal smart make wonderful companion game adventure tag along hike car ride trip beach lake love human enjoy,loyal playful smart,,30.48,38.1,4.535923700000001,11.33980925,12.0,14.0,foundation_stock_service,0.4,weekly_brushing,0.4,occasional,0.6,regular_exercise,0.8,easy_training,0.8,friendly,164,3,japanese spitz companion breed enjoy company family truly little comedian love please family thus eager learn always smile face distinctive feature include pure white coat mane like feature neck also like spitz breed tail curl back beautiful hair plume pointed muzzle likens fox black nose black eye rim ear pointed triangle stand erect move like radar tower hearing everything going around making breed alert japanese spitz little comedian want make happy laugh loyal smart make wonderful companion game adventure tag along hike car ride trip beach lake love human enjoy loyal playful smart foundation_stock_service japanese_spitz weekly_brushing occasional regular_exercise easy_training friendly
144,jindo,korea jindo dog well proportioned medium sized dog used hunting guarding erect ear rolled sickle shaped tail vivid expression agility strength alertness dignity jindo strong instinct hunting bold brave alert careful tempted easily impetuous extremely faithful master whole fond animal especially male also good sense direction one man dog readily accepts new master never forgets attachment towards former master raised puppyhood keep clean eats sparingly club contact detailsclub korean jindo association americaname ann kimemail jindojunkie yahoo com loyal watchful intelligent jindo developed breed island coast south korea medium sized natural appearance valued independent hunter discerning guardian loyal companion,alert intelligent bold,,45.72,55.88,13.6077711,22.6796185,14.0,14.0,foundation_stock_service,0.4,weekly_brushing,0.6,seasonal,0.8,energetic,0.4,independent,0.4,reserved_with_strangers,162,3,korea jindo dog well proportioned medium sized dog used hunting guarding erect ear rolled sickle shaped tail vivid expression agility strength alertness dignity jindo strong instinct hunting bold brave alert careful tempted easily impetuous extremely faithful master whole fond animal especially male also good sense direction one man dog readily accepts new master never forgets attachment towards former master raised puppyhood keep clean eats sparingly club contact detailsclub korean jindo association americaname ann kimemail jindojunkie yahoo com loyal watchful intelligent jindo developed breed island coast south korea medium sized natural appearance valued independent hunter discerning guardian loyal companion alert intelligent bold foundation_stock_service jindo weekly_brushing seasonal energetic independent reserved_with_strangers
145,kai_ken,kai ken athletic intelligent strong desire hunt kai independent thinker form strong bond family excellent swimmer climber known climb tree swim river pursuit game kai distinct brindle coat come three color black brindle kuro tora brindle chu tora red brindle aka tora red brindle rarest coat color distinct coloring brindle pattern enabled dog blend mountainous forest hunted camouflaging prey predator ancient time amount brindle vary dog dog well brindle pattern puppy born completely black brindle emerge age continue change around first five year life home kai ken requires basic canine care kept apartment setting provided receive regular exercise form leashed walk naturally clean breed bathing limited dirty brushing recommended especially twice year coat blowing club contact detailsclub kai ken society americaname stacey pestel communication officeraddress penfield ct columbus oh email club kaisociety orgphone kai ken medium sized dog one six native japanese breed nihon ken traditionally used hunt wide range game mountain japan kai ken considered rare breed even japan kai highly intelligent learns quickly seem learn fast japanese breed faster independent willing please companion japanese describe kai ken trustworthy guardian extremely devoted master,loyal agile keen,,39.37,49.53,9.0718474,18.1436948,12.0,15.0,foundation_stock_service,0.2,occasional_bath/brush,0.6,seasonal,0.8,energetic,0.4,independent,0.4,reserved_with_strangers,313,3,kai ken athletic intelligent strong desire hunt kai independent thinker form strong bond family excellent swimmer climber known climb tree swim river pursuit game kai distinct brindle coat come three color black brindle kuro tora brindle chu tora red brindle aka tora red brindle rarest coat color distinct coloring brindle pattern enabled dog blend mountainous forest hunted camouflaging prey predator ancient time amount brindle vary dog dog well brindle pattern puppy born completely black brindle emerge age continue change around first five year life home kai ken requires basic canine care kept apartment setting provided receive regular exercise form leashed walk naturally clean breed bathing limited dirty brushing recommended especially twice year coat blowing club contact detailsclub kai ken society americaname stacey pestel communication officeraddress penfield ct columbus oh email club kaisociety orgphone kai ken medium sized dog one six native japanese breed nihon ken traditionally used hunt wide range game mountain japan kai ken considered rare breed even japan kai highly intelligent learns quickly seem learn fast japanese breed faster independent willing please companion japanese describe kai ken trustworthy guardian extremely devoted master loyal agile keen foundation_stock_service kai_ken occasional_bath/brush seasonal energetic independent reserved_with_strangers
146,karelian_bear_dog,karelian bear dog medium sized spitz dense coat bred hunt large aggressive game build reflects duty silent hunter bark game stopped treed working experienced hunter communicates type animal located sound bark though demonstrate self control around people fighting spirit surface around dog difficult handle spirit easily turn aggression karelian bear dog love challenge club contact detailsclub american karelian bear dog alliancename maureen griffinemail nytwind comcast netphone karelian bear dog eager hunter independent yet work cooperatively mark game barking sens especially smell sharp thus breed suitable big game hunting good sense direction balanced courageous persistent breed highly developed spirit game self confident may territorial towards male never aggressive towards people though may slightly reserved,loyal independent courageous,,48.26,59.69,19.95806428,22.22602613,11.0,13.0,foundation_stock_service,0.2,occasional_bath/brush,0.6,seasonal,0.4,calm,0.6,agreeable,0.6,friendly,184,3,karelian bear dog medium sized spitz dense coat bred hunt large aggressive game build reflects duty silent hunter bark game stopped treed working experienced hunter communicates type animal located sound bark though demonstrate self control around people fighting spirit surface around dog difficult handle spirit easily turn aggression karelian bear dog love challenge club contact detailsclub american karelian bear dog alliancename maureen griffinemail nytwind comcast netphone karelian bear dog eager hunter independent yet work cooperatively mark game barking sens especially smell sharp thus breed suitable big game hunting good sense direction balanced courageous persistent breed highly developed spirit game self confident may territorial towards male never aggressive towards people though may slightly reserved loyal independent courageous foundation_stock_service karelian_bear_dog occasional_bath/brush seasonal calm agreeable friendly
147,keeshond,square sturdy companion descend ancient stock spitz type pomeranian samoyed typically spitzy keeshond foxy face pointed ear abundant coat plumed tail carried high back unique breed characteristic one charming hallmark dogdom spectacle shading marking around eye give impression kees wearing designer eyewear spec draw attention alert intelligent expression amiable keeshond medium sized spitz dog ample coat famous distinctive spectacle foxy face fixture canal barge native holland kees remains symbol dutch patriotism,friendly lively outgoing,95,43.18,45.72,15.875732950000002,20.41165665,12.0,15.0,non-sporting_group,0.6,2-3_times_a_week_brushing,0.6,seasonal,0.6,regular_exercise,0.8,easy_training,0.8,friendly,122,3,square sturdy companion descend ancient stock spitz type pomeranian samoyed typically spitzy keeshond foxy face pointed ear abundant coat plumed tail carried high back unique breed characteristic one charming hallmark dogdom spectacle shading marking around eye give impression kees wearing designer eyewear spec draw attention alert intelligent expression amiable keeshond medium sized spitz dog ample coat famous distinctive spectacle foxy face fixture canal barge native holland kees remains symbol dutch patriotism friendly lively outgoing non-sporting_group keeshond 2-3_times_a_week_brushing seasonal regular_exercise easy_training friendly
148,kerry_blue_terrier,course begin show stopping coat turn head wherever kerries go come shade blue deep slate light blue gray soft pleasing touch eye dense coat cover muscular well developed body standing inch shoulder weighing pound sporty beard dark keen eye accentuate nobility long terrier head among largest akc terrier kerry blue terrier famous show stopping blue coat named irish county birth onetime farm dog today alert adaptable animated watchdog family companion,smart alert people oriented,129,44.45,49.53,14.968548210000002,18.1436948,12.0,15.0,terrier_group,0.6,2-3_times_a_week_brushing,0.6,seasonal,0.6,regular_exercise,0.2,may_be_stubborn,0.6,alert/responsive,119,3,course begin show stopping coat turn head wherever kerries go come shade blue deep slate light blue gray soft pleasing touch eye dense coat cover muscular well developed body standing inch shoulder weighing pound sporty beard dark keen eye accentuate nobility long terrier head among largest akc terrier kerry blue terrier famous show stopping blue coat named irish county birth onetime farm dog today alert adaptable animated watchdog family companion smart alert people oriented terrier_group kerry_blue_terrier 2-3_times_a_week_brushing seasonal regular_exercise may_be_stubborn alert/responsive
149,kishu_ken,kishu ken great dog active person ability easy going house dog medium sized well balanced muscle well developed pricked ear curled sickle tail kishus loving affectionate family need included activity great kid raised often aloof stranger kishu ken high prey drive might like give chase small animal raised small animal cat could well kishus help give instinct club contact detailsclub american kishu ken clubname carleen newmanemail kishuken gmail com club national kishu clubname c j hammond presidentemail info kishuclub com kishu ken dog noteworthy endurance showing nobility dignity naive feeling temperament faithful docile alert,faithful noble docile,,43.18,55.88,13.6077711,27.2155422,11.0,13.0,foundation_stock_service,0.2,occasional_bath/brush,0.6,seasonal,0.8,energetic,0.4,independent,0.4,reserved_with_strangers,167,3,kishu ken great dog active person ability easy going house dog medium sized well balanced muscle well developed pricked ear curled sickle tail kishus loving affectionate family need included activity great kid raised often aloof stranger kishu ken high prey drive might like give chase small animal raised small animal cat could well kishus help give instinct club contact detailsclub american kishu ken clubname carleen newmanemail kishuken gmail com club national kishu clubname c j hammond presidentemail info kishuclub com kishu ken dog noteworthy endurance showing nobility dignity naive feeling temperament faithful docile alert faithful noble docile foundation_stock_service kishu_ken occasional_bath/brush seasonal energetic independent reserved_with_strangers
150,komondor,hungarian language tip day plural komondor komondorok let take look dog see large powerful guardian covered profuse white cord big male stand inch weigh pound heavy bone deep chest lot muscle despite brawn komondorok agile light footed move long stride unique look impossible mistake koms anything else powerfully large hungarian flock guardian covered profuse white cord head tail komondor among world recognizable breed independent protective kom requires firm experienced hand training,loyal dignified brave,173,64.77,69.85,36.2873896,45.359237,10.0,12.0,working_group,1.0,specialty/professional,0.6,seasonal,0.6,regular_exercise,0.4,independent,0.4,reserved_with_strangers,119,3,hungarian language tip day plural komondor komondorok let take look dog see large powerful guardian covered profuse white cord big male stand inch weigh pound heavy bone deep chest lot muscle despite brawn komondorok agile light footed move long stride unique look impossible mistake koms anything else powerfully large hungarian flock guardian covered profuse white cord head tail komondor among world recognizable breed independent protective kom requires firm experienced hand training loyal dignified brave working_group komondor specialty/professional seasonal regular_exercise independent reserved_with_strangers
151,kromfohrlander,kromfohrlander intelligent funny agile dog love climb jump easily excels agility dog trick training fussy food come two coat type wirehaired beard smooth haired smooth face beard beautiful long soft hair breed nickname north america kromi krome ee kromfohrlander bred companion retains little hunting instinct despite terrier heritage often long lived year old good child family tends one person dog attached owner run away first alert stranger club contact detailsclub kromfohrlander club americaname mary dixonemail kromiclub gmail comphone kromfohrlander medium sized companion breed sensitive loving loyal owner distinctive smile sneeze greet pronunciation breed krome lahn dair,intelligent active sensitive,,38.1,45.72,9.0718474,15.875732950000002,13.0,15.0,foundation_stock_service,0.6,2-3_times_a_week_brushing,0.8,regularly,0.6,regular_exercise,0.6,agreeable,0.4,reserved_with_strangers,161,3,kromfohrlander intelligent funny agile dog love climb jump easily excels agility dog trick training fussy food come two coat type wirehaired beard smooth haired smooth face beard beautiful long soft hair breed nickname north america kromi krome ee kromfohrlander bred companion retains little hunting instinct despite terrier heritage often long lived year old good child family tends one person dog attached owner run away first alert stranger club contact detailsclub kromfohrlander club americaname mary dixonemail kromiclub gmail comphone kromfohrlander medium sized companion breed sensitive loving loyal owner distinctive smile sneeze greet pronunciation breed krome lahn dair intelligent active sensitive foundation_stock_service kromfohrlander 2-3_times_a_week_brushing regularly regular_exercise agreeable reserved_with_strangers
152,kuvasz,imposing impressive majestic massive mighty pick adjective like best apply kuvasz pronounced koo vahz plural kuvaszok pronounced koo vah sock snow white livestock guardian luxuriant coat stand high inch shoulder weigh pound despite size strength kuvs quick moving nimble footed protector meeting threat breed fan say elegantly proportioned head considered beautiful part kuvasz snow white kuvasz hungary majestic guardian flock companion king working dog impressive size strength imposing thickly coated kuvasz beautiful smart profoundly loyal challenging breed,loyal fearless sweet,163,66.04,76.2,31.751465900000003,52.16312255,10.0,12.0,working_group,0.4,weekly_brushing,0.8,regularly,0.6,regular_exercise,0.4,independent,0.4,reserved_with_strangers,118,3,imposing impressive majestic massive mighty pick adjective like best apply kuvasz pronounced koo vahz plural kuvaszok pronounced koo vah sock snow white livestock guardian luxuriant coat stand high inch shoulder weigh pound despite size strength kuvs quick moving nimble footed protector meeting threat breed fan say elegantly proportioned head considered beautiful part kuvasz snow white kuvasz hungary majestic guardian flock companion king working dog impressive size strength imposing thickly coated kuvasz beautiful smart profoundly loyal challenging breed loyal fearless sweet working_group kuvasz weekly_brushing regularly regular_exercise independent reserved_with_strangers
153,labrador_retriever,sturdy well balanced labrador retriever depending sex stand inch shoulder weigh pound dense hard coat come yellow black luscious chocolate head wide eye glimmer kindliness thick tapering otter tail seems forever signaling breed innate eagerness lab famously friendly companionable housemate bond whole family socialize well neighbor dog human alike mistake easygoing personality low energy lab enthusiastic athlete requires lot exercise like swimming marathon game fetch keep physically mentally fit sweet faced lovable labrador retriever america popular dog breed lab friendly outgoing high spirited companion enough affection go around family looking medium large dog,friendly active outgoing,1,54.61,62.23,24.947580350000003,36.2873896,10.0,12.0,sporting_group,0.4,weekly_brushing,0.8,regularly,1.0,needs_lots_of_activity,1.0,eager_to_please,1.0,outgoing,153,3,sturdy well balanced labrador retriever depending sex stand inch shoulder weigh pound dense hard coat come yellow black luscious chocolate head wide eye glimmer kindliness thick tapering otter tail seems forever signaling breed innate eagerness lab famously friendly companionable housemate bond whole family socialize well neighbor dog human alike mistake easygoing personality low energy lab enthusiastic athlete requires lot exercise like swimming marathon game fetch keep physically mentally fit sweet faced lovable labrador retriever america popular dog breed lab friendly outgoing high spirited companion enough affection go around family looking medium large dog friendly active outgoing sporting_group labrador_retriever weekly_brushing regularly needs_lots_of_activity eager_to_please outgoing
154,lagotto_romagnolo,italian word carino english say cute language breed totally endearing lagotto romagnolo plural lagotti romagnoli known wooly curl cover body head tail crowned lavish beard eyebrow whisker lagotti stand inch weigh pound fooled teddy bear look rugged worker true strength endurance breed trademark curl feel behave like human hair fur lagotto romagnolo italy adorable truffle dog sport curly coat lavish facial furnishing despite plush toy look lagotti durable worker excellent nose root truffle dainty pricey delicacy,affectionate keen undemanding,99,40.64,48.26,10.88621688,15.875732950000002,15.0,17.0,sporting_group,0.2,occasional_bath/brush,0.2,infrequent,0.6,regular_exercise,1.0,eager_to_please,0.6,alert/responsive,122,3,italian word carino english say cute language breed totally endearing lagotto romagnolo plural lagotti romagnoli known wooly curl cover body head tail crowned lavish beard eyebrow whisker lagotti stand inch weigh pound fooled teddy bear look rugged worker true strength endurance breed trademark curl feel behave like human hair fur lagotto romagnolo italy adorable truffle dog sport curly coat lavish facial furnishing despite plush toy look lagotti durable worker excellent nose root truffle dainty pricey delicacy affectionate keen undemanding sporting_group lagotto_romagnolo occasional_bath/brush infrequent regular_exercise eager_to_please alert/responsive
155,lakeland_terrier,square sturdy lakeland standing less inch shoulder weighing pound small dog tell cock walk swagger lakeland personify old dog lover cliché big dog small package come several color sporty saddle mark back folded v shaped ear straight front rectangular head mischievous twinkle eye lakeland blueprint long legged british terrier bold zesty big dog small package lakeland terrier named lake district native england farmer dog bred work pack sheep stealing fox lakeland coat hard wiry low shedding,friendly confident bold,147,35.56,38.1,7.71107029,7.71107029,12.0,15.0,terrier_group,0.4,weekly_brushing,0.2,infrequent,0.6,regular_exercise,0.6,agreeable,0.6,alert/responsive,121,3,square sturdy lakeland standing less inch shoulder weighing pound small dog tell cock walk swagger lakeland personify old dog lover cliché big dog small package come several color sporty saddle mark back folded v shaped ear straight front rectangular head mischievous twinkle eye lakeland blueprint long legged british terrier bold zesty big dog small package lakeland terrier named lake district native england farmer dog bred work pack sheep stealing fox lakeland coat hard wiry low shedding friendly confident bold terrier_group lakeland_terrier weekly_brushing infrequent regular_exercise agreeable alert/responsive
156,lancashire_heeler,small powerful sturdily built alert energetic worker lancashire heeler work cattle terrier instinct rabbiting ratting unique characteristic called heeler smile content heelers known draw back lip effort emulates human smile breed placed endangered breed list kennel club u k due small number dog composing gene pool risk several inherited disease united state lancashire heeler clubname sheryl bradburyemail sherylbradbury windstream netphone lancashire heeler medium high energy dog intelligent alert friendly quick learn new task sturdy little dog short weather resistant coat black tan liver tan affectionate owner always happy talkative always ready walk small size give charm,affectionate versatile intelligent,,25.4,30.48,4.082331330000001,7.71107029,12.0,15.0,miscellaneous_class,0.2,occasional_bath/brush,0.6,seasonal,0.8,energetic,0.8,easy_training,0.8,friendly,156,3,small powerful sturdily built alert energetic worker lancashire heeler work cattle terrier instinct rabbiting ratting unique characteristic called heeler smile content heelers known draw back lip effort emulates human smile breed placed endangered breed list kennel club u k due small number dog composing gene pool risk several inherited disease united state lancashire heeler clubname sheryl bradburyemail sherylbradbury windstream netphone lancashire heeler medium high energy dog intelligent alert friendly quick learn new task sturdy little dog short weather resistant coat black tan liver tan affectionate owner always happy talkative always ready walk small size give charm affectionate versatile intelligent miscellaneous_class lancashire_heeler occasional_bath/brush seasonal energetic easy_training friendly
157,lapponian_herder,lapponian herder independent fun breed intelligent generally eager please high energy herding breed excel many dog sport besides herding companion event love hard work make wonderful breed event competitive fun early socialization important herding mentality thrive job though eager please lapponian herder vocal often bark working breed contactname heidi christensonaddress nw th street ridgefield wa email girln pooch yahoo comphone lapponian herder medium sized dog medium coat making easy maintain perfect experienced dog owner wonderful rounded diversified dog breed ready problem solve task given fit living environment long given job breed come many color including grey brown black often lighter undercoat white tan marking aloof stranger love people,friendly energetic intelligent,,45.72,50.8,31.751465900000003,31.751465900000003,10.0,14.0,foundation_stock_service,0.4,weekly_brushing,0.6,seasonal,0.6,regular_exercise,1.0,eager_to_please,0.4,reserved_with_strangers,183,3,lapponian herder independent fun breed intelligent generally eager please high energy herding breed excel many dog sport besides herding companion event love hard work make wonderful breed event competitive fun early socialization important herding mentality thrive job though eager please lapponian herder vocal often bark working breed contactname heidi christensonaddress nw th street ridgefield wa email girln pooch yahoo comphone lapponian herder medium sized dog medium coat making easy maintain perfect experienced dog owner wonderful rounded diversified dog breed ready problem solve task given fit living environment long given job breed come many color including grey brown black often lighter undercoat white tan marking aloof stranger love people friendly energetic intelligent foundation_stock_service lapponian_herder weekly_brushing seasonal regular_exercise eager_to_please reserved_with_strangers
158,leonberger,huge powerful dog yes leonberger also known aristocratic grace elegance male stand inch shoulder weigh much full grown human female run smaller still whole lot dog breed hallmark include medium long waterproof coat lush triangular ear bushy tail black facemask frame kindly dark brown eye dramatic feature male coat lion like mane around neck chest well built leo move easy elastic gait leo friendly nobody fool watchdog around worker exhibit intelligence sound judgment leo require lot brushing ample room romping unlimited love leonberger lush coated giant german origin gentle nature serene patience relish companionship whole family,friendly gentle playful,93,64.77,80.01,40.8233133,77.1107029,9.0,9.0,working_group,0.8,daily_brushing,0.8,regularly,0.6,regular_exercise,1.0,eager_to_please,0.8,friendly,150,3,huge powerful dog yes leonberger also known aristocratic grace elegance male stand inch shoulder weigh much full grown human female run smaller still whole lot dog breed hallmark include medium long waterproof coat lush triangular ear bushy tail black facemask frame kindly dark brown eye dramatic feature male coat lion like mane around neck chest well built leo move easy elastic gait leo friendly nobody fool watchdog around worker exhibit intelligence sound judgment leo require lot brushing ample room romping unlimited love leonberger lush coated giant german origin gentle nature serene patience relish companionship whole family friendly gentle playful working_group leonberger daily_brushing regularly regular_exercise eager_to_please friendly
159,lhasa_apso,standing less foot high shoulder lhasa small hardy dog aristocratic bearing famous floor length flat hanging coat parted middle draping side body feathery tail curl back distinct manner tibetan breed breed fan say dark oval shaped eye peeping lavish facial hair window lhasa merry soul complete picture unmistakably asian exotic elegant serenely well balanced lavishly coated lhasa apso thousand year old breed served sentinel palace monastery isolated high himalaya smart confident complex lhasa family comedian regally aloof stranger,confident smart comical,71,25.4,27.94,5.4431084400000005,8.164662660000001,12.0,15.0,non-sporting_group,0.6,2-3_times_a_week_brushing,0.2,infrequent,0.6,regular_exercise,0.4,independent,0.4,reserved_with_strangers,116,3,standing less foot high shoulder lhasa small hardy dog aristocratic bearing famous floor length flat hanging coat parted middle draping side body feathery tail curl back distinct manner tibetan breed breed fan say dark oval shaped eye peeping lavish facial hair window lhasa merry soul complete picture unmistakably asian exotic elegant serenely well balanced lavishly coated lhasa apso thousand year old breed served sentinel palace monastery isolated high himalaya smart confident complex lhasa family comedian regally aloof stranger confident smart comical non-sporting_group lhasa_apso 2-3_times_a_week_brushing infrequent regular_exercise independent reserved_with_strangers
160,löwchen,small dog enormous heart löwchen singular plural stand bit foot tall shoulder coat traditionally kept lion clip hindquarter tail clipped close skin overall effect mini lion full mane plumed tail coat come several color color combination beneath coat dog strong sturdy elegant artfully balanced companion dog whose name german little lion löwchen popular pet among continental european year portable non shedding löwchen said affectionate lively brave lion,affectionate outgoing positive,168,27.94,33.02,4.535923700000001,6.80388555,15.0,15.0,non-sporting_group,0.2,occasional_bath/brush,0.2,infrequent,0.6,regular_exercise,0.6,agreeable,1.0,outgoing,125,3,small dog enormous heart löwchen singular plural stand bit foot tall shoulder coat traditionally kept lion clip hindquarter tail clipped close skin overall effect mini lion full mane plumed tail coat come several color color combination beneath coat dog strong sturdy elegant artfully balanced companion dog whose name german little lion löwchen popular pet among continental european year portable non shedding löwchen said affectionate lively brave lion affectionate outgoing positive non-sporting_group löwchen occasional_bath/brush infrequent regular_exercise agreeable outgoing
161,maltese,maltese affectionate toy dog weighing less seven pound covered long straight silky coat beneath white mantle compact body moving smooth effortless gait overall picture depicts free flowing elegance balance irresistible maltese face big dark eye black gumdrop nose conquer jaded sensibility despite aristocratic bearing maltese hardy adaptable pet make alert watchdog fearless charming toy dog way game little athlete agility course maltese low shedding long lived happy make new friend age sometimes stubborn willful respond well reward based training tiny maltese ye ancient dogge malta sitting lap luxury since bible work progress famous show stopping floor length coat maltese playful charming adaptable toy companion,gentle playful charming,37,17.78,22.86,3.17514659,3.17514659,12.0,15.0,toy_group,0.8,daily_brushing,0.2,infrequent,0.6,regular_exercise,0.6,agreeable,1.0,outgoing,149,3,maltese affectionate toy dog weighing less seven pound covered long straight silky coat beneath white mantle compact body moving smooth effortless gait overall picture depicts free flowing elegance balance irresistible maltese face big dark eye black gumdrop nose conquer jaded sensibility despite aristocratic bearing maltese hardy adaptable pet make alert watchdog fearless charming toy dog way game little athlete agility course maltese low shedding long lived happy make new friend age sometimes stubborn willful respond well reward based training tiny maltese ye ancient dogge malta sitting lap luxury since bible work progress famous show stopping floor length coat maltese playful charming adaptable toy companion gentle playful charming toy_group maltese daily_brushing infrequent regular_exercise agreeable outgoing
162,manchester_terrier_standard,manchester similar temperament body type athletic ability despite difference size easily recognized tight coat rich mahogany tan jet black head long wedge shaped tan spot eye point watchful expression manchester motor running good reach front propulsive rear drive powered muscular caboose manchester terrier named english city much breed early development took place sleek racy dog possess terrier ratting instinct graceful contour coursing hound manchester spirited bright athletic combine streamlined grace coursing hound instinct fearless rat terrier racy dog come two size variety standard exceeding pound toy exceeding pound,spirited bright keenly observant,133,38.1,40.64,5.4431084400000005,9.97903214,15.0,17.0,terrier_group,0.4,weekly_brushing,0.4,occasional,0.6,regular_exercise,0.8,easy_training,0.6,alert/responsive,139,4,manchester similar temperament body type athletic ability despite difference size easily recognized tight coat rich mahogany tan jet black head long wedge shaped tan spot eye point watchful expression manchester motor running good reach front propulsive rear drive powered muscular caboose manchester terrier named english city much breed early development took place sleek racy dog possess terrier ratting instinct graceful contour coursing hound manchester spirited bright athletic combine streamlined grace coursing hound instinct fearless rat terrier racy dog come two size variety standard exceeding pound toy exceeding pound spirited bright keenly observant terrier_group manchester_terrier_standard weekly_brushing occasional regular_exercise easy_training alert/responsive
163,manchester_terrier_toy,manchester combine streamlined grace small coursing hound instinct fearless rat terrier racy little dog come two size variety toy exceeding pound standard exceeding pound manchester similar temperament body type athletic ability despite difference size easily recognized tight coat rich mahogany tan jet black head long wedge shaped tan spot eye point watchful expression manchester motor running good reach front propulsive rear drive powered muscular caboose manchester terrier named english city much breed early development took place sleek racy dog possess terrier ratting instinct graceful contour coursing hound manchester spirited bright athletic combine streamlined grace coursing hound instinct fearless rat terrier racy dog come two size variety toy exceeding pound standard exceeding pound,agile spirited intelligent,133,25.4,30.48,5.4431084400000005,5.4431084400000005,15.0,17.0,toy_group,0.4,weekly_brushing,0.4,occasional,0.6,regular_exercise,0.8,easy_training,0.6,alert/responsive,177,3,manchester combine streamlined grace small coursing hound instinct fearless rat terrier racy little dog come two size variety toy exceeding pound standard exceeding pound manchester similar temperament body type athletic ability despite difference size easily recognized tight coat rich mahogany tan jet black head long wedge shaped tan spot eye point watchful expression manchester motor running good reach front propulsive rear drive powered muscular caboose manchester terrier named english city much breed early development took place sleek racy dog possess terrier ratting instinct graceful contour coursing hound manchester spirited bright athletic combine streamlined grace coursing hound instinct fearless rat terrier racy dog come two size variety toy exceeding pound standard exceeding pound agile spirited intelligent toy_group manchester_terrier_toy weekly_brushing occasional regular_exercise easy_training alert/responsive
164,mastiff,uninitiated face face encounter black masked giant startling male stand least inch shoulder outweigh many full grown man rectangular body deep thickly muscled covered short double coat fawn apricot brindle stripe head broad massive wrinkled forehead accentuates alert kindly expression mastiff patient lovable companion guardian take best gentle training eternally loyal mastiff protective family natural wariness stranger make early training socialization essential mastiff magnificent pet acquiring powerful giant breed dog commitment taken lightly colossal mastiff belongs canine clan ancient civilization massive heavy boned dog courage prodigious strength mastiff docile dignified also formidable protector hold dear,courageous dignified good natured,29,69.85,76.2,54.4310844,104.3262451,6.0,10.0,working_group,0.2,occasional_bath/brush,0.4,occasional,0.6,regular_exercise,0.6,agreeable,0.6,alert/responsive,152,3,uninitiated face face encounter black masked giant startling male stand least inch shoulder outweigh many full grown man rectangular body deep thickly muscled covered short double coat fawn apricot brindle stripe head broad massive wrinkled forehead accentuates alert kindly expression mastiff patient lovable companion guardian take best gentle training eternally loyal mastiff protective family natural wariness stranger make early training socialization essential mastiff magnificent pet acquiring powerful giant breed dog commitment taken lightly colossal mastiff belongs canine clan ancient civilization massive heavy boned dog courage prodigious strength mastiff docile dignified also formidable protector hold dear courageous dignified good natured working_group mastiff occasional_bath/brush occasional regular_exercise agreeable alert/responsive
165,miniature_american_shepherd,miniature american shepherd share many physical trait forebear australian shepherd smaller scale female stand inch shoulder male range inch despite size mini every inch true herding dog energetic versatile rugged extremely bright eye catching coat come black blue merle red red merle merle exhibit amount marbling fleck blotch mini move smooth agile step dog built hard work punishing terrain miniature american shepherd resembles small australian shepherd true herder spite compact size mini bright self motivated worker endearingly loyal lively companion dog affinity horse,good natured intelligent devoted,34,33.02,45.72,9.0718474,18.1436948,12.0,13.0,herding_group,0.8,daily_brushing,1.0,frequent,0.8,energetic,1.0,eager_to_please,0.8,friendly,128,3,miniature american shepherd share many physical trait forebear australian shepherd smaller scale female stand inch shoulder male range inch despite size mini every inch true herding dog energetic versatile rugged extremely bright eye catching coat come black blue merle red red merle merle exhibit amount marbling fleck blotch mini move smooth agile step dog built hard work punishing terrain miniature american shepherd resembles small australian shepherd true herder spite compact size mini bright self motivated worker endearingly loyal lively companion dog affinity horse good natured intelligent devoted herding_group miniature_american_shepherd daily_brushing frequent energetic eager_to_please friendly
166,miniature_bull_terrier,nearly every way mini bull terrier smaller fact akc classified two bully variety breed mini stand inch shoulder square muscular size quite strong trademark large egg shaped head dark triangular eye twinkle mischief impossible mistake bull terrier breed coat pure white white predominate colored marking every way miniature bull terrier bull terrier smaller upbeat mischievous dog come equipped terrier fire fearlessness ever dog could claim title clown prince dogdom mini,upbeat mischievous comical,110,25.4,35.56,8.164662660000001,12.70058636,11.0,13.0,terrier_group,0.2,occasional_bath/brush,0.4,occasional,0.8,energetic,0.4,independent,0.6,alert/responsive,126,3,nearly every way mini bull terrier smaller fact akc classified two bully variety breed mini stand inch shoulder square muscular size quite strong trademark large egg shaped head dark triangular eye twinkle mischief impossible mistake bull terrier breed coat pure white white predominate colored marking every way miniature bull terrier bull terrier smaller upbeat mischievous dog come equipped terrier fire fearlessness ever dog could claim title clown prince dogdom mini upbeat mischievous comical terrier_group miniature_bull_terrier occasional_bath/brush occasional energetic independent alert/responsive
167,miniature_pinscher,min pin sturdy compact dog standing inch shoulder smooth shiny coat come two shade solid red chocolate rust black rust dark slightly oval eye high set ear help bring self possessed big dog personality distinguishing characteristic min pin high stepping hackney gait reminiscent hackney horse trot leggy miniature pinscher known fan king toy proud fearless fun loving toy breed lustrous coat compact wedge shaped physique true personality dog known high stepping hackney gait,fearless fun loving proud,70,25.4,31.75,3.62873896,4.535923700000001,12.0,16.0,toy_group,0.2,occasional_bath/brush,0.2,infrequent,0.6,regular_exercise,0.4,independent,0.6,alert/responsive,102,3,min pin sturdy compact dog standing inch shoulder smooth shiny coat come two shade solid red chocolate rust black rust dark slightly oval eye high set ear help bring self possessed big dog personality distinguishing characteristic min pin high stepping hackney gait reminiscent hackney horse trot leggy miniature pinscher known fan king toy proud fearless fun loving toy breed lustrous coat compact wedge shaped physique true personality dog known high stepping hackney gait fearless fun loving proud toy_group miniature_pinscher occasional_bath/brush infrequent regular_exercise independent alert/responsive
168,miniature_schnauzer,stocky robust little dog standing inch miniature schnauzer bred larger cousin standard schnauzer bushy beard eyebrow give mini charming human like expression hard wiry coat come three color pattern salt pepper black silver solid black created around farm dog ratter tough muscular fearless without aggressive miniature schnauzer bright friendly trainable companion small enough adapt apartment life tireless enough patrol acre farmland get along well animal kid mini sturdy little guy enjoy vigorous play home family oriented make great watchdog miniature schnauzer smallest three schnauzer breed generally healthy long lived low shedding companion add outgoing personality portable size sporty good look got ideal family dog,friendly smart obedient,19,30.48,35.56,4.9895160700000005,9.0718474,12.0,15.0,terrier_group,1.0,specialty/professional,0.2,infrequent,0.6,regular_exercise,1.0,eager_to_please,0.6,alert/responsive,151,3,stocky robust little dog standing inch miniature schnauzer bred larger cousin standard schnauzer bushy beard eyebrow give mini charming human like expression hard wiry coat come three color pattern salt pepper black silver solid black created around farm dog ratter tough muscular fearless without aggressive miniature schnauzer bright friendly trainable companion small enough adapt apartment life tireless enough patrol acre farmland get along well animal kid mini sturdy little guy enjoy vigorous play home family oriented make great watchdog miniature schnauzer smallest three schnauzer breed generally healthy long lived low shedding companion add outgoing personality portable size sporty good look got ideal family dog friendly smart obedient terrier_group miniature_schnauzer specialty/professional infrequent regular_exercise eager_to_please alert/responsive
169,mountain_cur,mountain cur fast hard hunter run track head air open semi open silent track clear bark heard long distance circle drift cold track hot one available locate hot track courageous fighter required extremely intelligent strong treeing instinct easily trained leave unwanted game respond best training lot human contact addition hunting make great companion watch dog breed contactname mandy middletonaddress n water street georgetown oh phone email walnutridgemtncurs yahoo com mountain cur hunting dog good treeing instinct courageous fighter extremely intelligent whatever job master desire dog crucial part culture early pioneer settler homesteader,intelligent strong willed reserved stranger,,40.64,66.04,13.6077711,27.2155422,10.0,13.0,foundation_stock_service,0.2,occasional_bath/brush,0.6,seasonal,1.0,needs_lots_of_activity,0.2,may_be_stubborn,0.4,reserved_with_strangers,159,5,mountain cur fast hard hunter run track head air open semi open silent track clear bark heard long distance circle drift cold track hot one available locate hot track courageous fighter required extremely intelligent strong treeing instinct easily trained leave unwanted game respond best training lot human contact addition hunting make great companion watch dog breed contactname mandy middletonaddress n water street georgetown oh phone email walnutridgemtncurs yahoo com mountain cur hunting dog good treeing instinct courageous fighter extremely intelligent whatever job master desire dog crucial part culture early pioneer settler homesteader intelligent strong willed reserved stranger foundation_stock_service mountain_cur occasional_bath/brush seasonal needs_lots_of_activity may_be_stubborn reserved_with_strangers
170,mudi,mudi pronounced moodie medium sized herding dog hungary existence since th century said mudi evolved naturally cross pul pumi german spitz breed today mudi though rare seen active intelligent biddable working breed estimated thousand mudi worldwide greatest number hungary followed finland even scarcer throughout europe u canada mudi excels agility obedience flyball well dog sport true working breed shine herding cattle sheep found fame search rescue dog finland u club contact detailsclub mudi club americaname susanne andersonemail sande gmail com mudi extremely versatile intelligent alert agile purpose hungarian farm dog courage useful working stubborn livestock breed loyal protector property family member without overly aggressive,loyal intelligent active,,38.1,46.99,8.164662660000001,13.15417873,12.0,14.0,miscellaneous_class,0.2,occasional_bath/brush,0.4,occasional,1.0,needs_lots_of_activity,1.0,eager_to_please,0.4,reserved_with_strangers,177,3,mudi pronounced moodie medium sized herding dog hungary existence since th century said mudi evolved naturally cross pul pumi german spitz breed today mudi though rare seen active intelligent biddable working breed estimated thousand mudi worldwide greatest number hungary followed finland even scarcer throughout europe u canada mudi excels agility obedience flyball well dog sport true working breed shine herding cattle sheep found fame search rescue dog finland u club contact detailsclub mudi club americaname susanne andersonemail sande gmail com mudi extremely versatile intelligent alert agile purpose hungarian farm dog courage useful working stubborn livestock breed loyal protector property family member without overly aggressive loyal intelligent active miscellaneous_class mudi occasional_bath/brush occasional needs_lots_of_activity eager_to_please reserved_with_strangers
171,neapolitan_mastiff,unless jurassic park never seen anything like mastino majestic guardian startling appearance massive powerful dog u neapolitan mastiff club describes dog head astounding give credit hitting upon right adjective profuse hanging wrinkle fold pendulous lip make mastino look like marzipan mastiff sun long yet breed inner dignity nobility described beautiful neapolitan mastiff huge powerful guarder whose astounding appearance intimidated intruder since day ancient rome wary stranger profusely wrinkled mastino sweet placid steady among loved one,loyal dignified watchful,102,60.96,78.74,49.895160700000005,68.0388555,7.0,9.0,working_group,0.4,weekly_brushing,0.6,seasonal,0.6,regular_exercise,0.2,may_be_stubborn,0.2,aloof/wary,118,3,unless jurassic park never seen anything like mastino majestic guardian startling appearance massive powerful dog u neapolitan mastiff club describes dog head astounding give credit hitting upon right adjective profuse hanging wrinkle fold pendulous lip make mastino look like marzipan mastiff sun long yet breed inner dignity nobility described beautiful neapolitan mastiff huge powerful guarder whose astounding appearance intimidated intruder since day ancient rome wary stranger profusely wrinkled mastino sweet placid steady among loved one loyal dignified watchful working_group neapolitan_mastiff weekly_brushing seasonal regular_exercise may_be_stubborn aloof/wary
172,nederlandse_kooikerhondje,kooikerhondje koi ker hond yuh little white orange dog big heart sporty eye catching fellow silky weather coat white red patch instantly recognizable thanks large black tipped ear richly feathered tail wag proudly breed sturdy bone structure expected serious hunter overall picture harmoniously built dog smooth flowing contour springy gait nederlandse kooikerhondje lively agile self confident good natured alert breed faithful easy going friendly home outdoors true sporting dog keen swift tough attentive energetic sufficient perseverance stamen enjoys working cheerful character,friendly alert quick,150,35.56,43.18,9.0718474,13.6077711,12.0,15.0,sporting_group,0.4,weekly_brushing,0.6,seasonal,0.6,regular_exercise,1.0,eager_to_please,0.4,reserved_with_strangers,123,3,kooikerhondje koi ker hond yuh little white orange dog big heart sporty eye catching fellow silky weather coat white red patch instantly recognizable thanks large black tipped ear richly feathered tail wag proudly breed sturdy bone structure expected serious hunter overall picture harmoniously built dog smooth flowing contour springy gait nederlandse kooikerhondje lively agile self confident good natured alert breed faithful easy going friendly home outdoors true sporting dog keen swift tough attentive energetic sufficient perseverance stamen enjoys working cheerful character friendly alert quick sporting_group nederlandse_kooikerhondje weekly_brushing seasonal regular_exercise eager_to_please reserved_with_strangers
173,newfoundland,male newfoundland weigh pound stand inch shoulder female typically go pound newf head majestic expression soft soulful outer coat flat coarse color gray brown black black white coat named artist sir edwin landseer popularized look painting newfie breed standard say sweet temperament important single characteristic breed newf sterling character expressed affinity kid trusting trainable newfs respond well gentle guidance noble giant among world biggest dog acquiring pet could outweigh come obvious challenge massive newfoundland strikingly large powerful working dog heavy bone dignified bearing sweet tempered newfie famously good companion earned reputation patient watchful nanny dog kid,sweet patient devoted,40,66.04,71.12,45.359237,68.0388555,9.0,10.0,working_group,0.4,weekly_brushing,0.6,seasonal,0.6,regular_exercise,0.8,easy_training,0.8,friendly,158,3,male newfoundland weigh pound stand inch shoulder female typically go pound newf head majestic expression soft soulful outer coat flat coarse color gray brown black black white coat named artist sir edwin landseer popularized look painting newfie breed standard say sweet temperament important single characteristic breed newf sterling character expressed affinity kid trusting trainable newfs respond well gentle guidance noble giant among world biggest dog acquiring pet could outweigh come obvious challenge massive newfoundland strikingly large powerful working dog heavy bone dignified bearing sweet tempered newfie famously good companion earned reputation patient watchful nanny dog kid sweet patient devoted working_group newfoundland weekly_brushing seasonal regular_exercise easy_training friendly
174,norfolk_terrier,norfolk terrier among smallest working terrier standing higher inch shoulder coat hard wiry straight share many trait close cousin norwich terrier tell apart look ear norwich erect pointed ear norfolk ear neatly folded bred work pack norfolk gregarious typical terrier plenty old terrier pep norfolk day earn living hunting rodent good one fearlessly given chance norfolk bond closely sometimes jealously owner make nice watchdog reputation good traveler portable adaptable anything norfolk terrier little cute loyal gladly curl lap dare call lapdog norfolk despite toyish quality genuine terrier feisty confident sturdy game adventure,fearless alert fun loving,126,22.86,25.4,4.9895160700000005,5.4431084400000005,12.0,16.0,terrier_group,0.4,weekly_brushing,0.6,seasonal,0.6,regular_exercise,0.6,agreeable,0.8,friendly,158,3,norfolk terrier among smallest working terrier standing higher inch shoulder coat hard wiry straight share many trait close cousin norwich terrier tell apart look ear norwich erect pointed ear norfolk ear neatly folded bred work pack norfolk gregarious typical terrier plenty old terrier pep norfolk day earn living hunting rodent good one fearlessly given chance norfolk bond closely sometimes jealously owner make nice watchdog reputation good traveler portable adaptable anything norfolk terrier little cute loyal gladly curl lap dare call lapdog norfolk despite toyish quality genuine terrier feisty confident sturdy game adventure fearless alert fun loving terrier_group norfolk_terrier weekly_brushing seasonal regular_exercise agreeable friendly
175,norrbottenspets,nob large dog big male stand shade inch tough sinewy body built withstand punishing terrain harsh climate small sized hunting dog spitz type thought extinct survived farm hunting dog northern part sweden finland able navigate rough terrain climate scandinavian forest hold large dangerous game like moose norrbottenspets evolved extremely agile rugged weatherproof fearless attitude time kind affectionate companion home exhibit extreme physical characteristic must thing well norrbottenspets small slightly rectangular spitzdog well poised sinewy well developed muscle alert head carried high fearless attitude extremely agile calm keen attentive kind disposition,fearless agile attentive,,41.91,45.72,9.0718474,13.6077711,14.0,17.0,miscellaneous_class,0.4,weekly_brushing,0.4,occasional,0.8,energetic,0.6,agreeable,0.6,friendly,155,3,nob large dog big male stand shade inch tough sinewy body built withstand punishing terrain harsh climate small sized hunting dog spitz type thought extinct survived farm hunting dog northern part sweden finland able navigate rough terrain climate scandinavian forest hold large dangerous game like moose norrbottenspets evolved extremely agile rugged weatherproof fearless attitude time kind affectionate companion home exhibit extreme physical characteristic must thing well norrbottenspets small slightly rectangular spitzdog well poised sinewy well developed muscle alert head carried high fearless attitude extremely agile calm keen attentive kind disposition fearless agile attentive miscellaneous_class norrbottenspets weekly_brushing occasional energetic agreeable friendly
176,norwegian_buhund,buhund prototypical spitz provides good opportunity explain term spitz cold weather breed characterized dense coat tail curved tightly back wedge shaped head erect pointed ear spitz mean pointed ancient german pint sized like pomeranian mighty like malamute mid sized like lithe sturdy buhund male stand inch high weight pound coat color wheaten black densely coated norwegian buhund nordic spitz type closely associated viking medium sized cold weather worker adept herding guarding family dog buhunds smart affectionate steadfastly devoted,confident smart perceptive,165,40.64,46.99,11.79340162,18.1436948,12.0,15.0,herding_group,0.4,weekly_brushing,0.6,seasonal,0.8,energetic,0.8,easy_training,0.8,friendly,110,3,buhund prototypical spitz provides good opportunity explain term spitz cold weather breed characterized dense coat tail curved tightly back wedge shaped head erect pointed ear spitz mean pointed ancient german pint sized like pomeranian mighty like malamute mid sized like lithe sturdy buhund male stand inch high weight pound coat color wheaten black densely coated norwegian buhund nordic spitz type closely associated viking medium sized cold weather worker adept herding guarding family dog buhunds smart affectionate steadfastly devoted confident smart perceptive herding_group norwegian_buhund weekly_brushing seasonal energetic easy_training friendly
177,norwegian_elkhound,norwegian elkhound hardy short bodied dog standing inch shoulder dense silver gray coat tail curling tightly back deep chest sturdy leg muscular thigh belong dog built honest day work eye dark brown ear mobile erect overall elkhound picture alert steadfast dog north elkhound famously fine companion intelligent watchdog agility herding trial good outlet natural athleticism eagerness reserved introduction made elkhound trustworthy friend ever strong confident dog truly sensitive soul dash houndy independence norwegian elkhound robust spitz type known lush silver gray coat dignified friendly demeanor durable elkhound among europe oldest dog sailed viking figure norse art legend,friendly confident dependable,97,49.53,52.07,21.77243376,24.947580350000003,12.0,15.0,hound_group,0.4,weekly_brushing,0.6,seasonal,0.6,regular_exercise,0.6,agreeable,0.8,friendly,158,3,norwegian elkhound hardy short bodied dog standing inch shoulder dense silver gray coat tail curling tightly back deep chest sturdy leg muscular thigh belong dog built honest day work eye dark brown ear mobile erect overall elkhound picture alert steadfast dog north elkhound famously fine companion intelligent watchdog agility herding trial good outlet natural athleticism eagerness reserved introduction made elkhound trustworthy friend ever strong confident dog truly sensitive soul dash houndy independence norwegian elkhound robust spitz type known lush silver gray coat dignified friendly demeanor durable elkhound among europe oldest dog sailed viking figure norse art legend friendly confident dependable hound_group norwegian_elkhound weekly_brushing seasonal regular_exercise agreeable friendly
178,norwegian_lundehund,glance lundehunds seem typical northern breed spitz type triangular ear curving tail dense double coat closer look reveals several unique trait foot least six fully functioning toe extra paw pad elastic neck crane back head touch spine ear fold shut flexible shoulder allow foreleg extend side perpendicular body last anomaly produce breed distinctive rotary gait norway rocky island vaeroy uniquely constructed norwegian lundehund dog breed created job puffin hunting puffin protected specie today lundehund friendly athletic companion,loyal energetic alert,191,30.48,38.1,9.0718474,13.6077711,12.0,15.0,non-sporting_group,0.4,weekly_brushing,0.6,seasonal,0.8,energetic,0.6,agreeable,0.4,reserved_with_strangers,121,3,glance lundehunds seem typical northern breed spitz type triangular ear curving tail dense double coat closer look reveals several unique trait foot least six fully functioning toe extra paw pad elastic neck crane back head touch spine ear fold shut flexible shoulder allow foreleg extend side perpendicular body last anomaly produce breed distinctive rotary gait norway rocky island vaeroy uniquely constructed norwegian lundehund dog breed created job puffin hunting puffin protected specie today lundehund friendly athletic companion loyal energetic alert non-sporting_group norwegian_lundehund weekly_brushing seasonal energetic agreeable reserved_with_strangers
179,norwich_terrier,standing inch shoulder weighing pound norwich among smallest working terrier beneath hard wiry coat stocky substantial dog norwiches toy sized satin pillow dog originally bred tough fearless ratter distinguished doggy doppelganger norfolk terrier erect pointed ear happy go lucky fearless sometimes even bossy norwiches energetic enough play fetch day affectionate enough enjoy hour lap time favorite human short positive training session work best clever sometimes stubborn breed three word convey overall dog cute cuter cutest norwich terrier plucky little earthdogs named hometown england old cliché big dog small package coined breed like norwich oblivious fact inch tall,affectionate alert curious,108,25.4,25.4,5.4431084400000005,5.4431084400000005,12.0,15.0,terrier_group,0.4,weekly_brushing,0.6,seasonal,0.8,energetic,0.6,agreeable,0.8,friendly,155,3,standing inch shoulder weighing pound norwich among smallest working terrier beneath hard wiry coat stocky substantial dog norwiches toy sized satin pillow dog originally bred tough fearless ratter distinguished doggy doppelganger norfolk terrier erect pointed ear happy go lucky fearless sometimes even bossy norwiches energetic enough play fetch day affectionate enough enjoy hour lap time favorite human short positive training session work best clever sometimes stubborn breed three word convey overall dog cute cuter cutest norwich terrier plucky little earthdogs named hometown england old cliché big dog small package coined breed like norwich oblivious fact inch tall affectionate alert curious terrier_group norwich_terrier weekly_brushing seasonal energetic agreeable friendly
180,nova_scotia_duck_tolling_retriever,little gundog big name smallest akc retriever standing ideally inch shoulder toller trademark coat stunning crimson ranging golden red dark coppery color white marking strong agile toller medium dog medium size bone coat length almond shaped eye project alert expression toller upbeat athlete require outlet boundless vigor hunting hiking camping course swimming ideally suited webbed foot toller smart handsome affectionate companion red tornado recommended enough time energy keep usefully occupied smallest akc retriever nova scotia duck tolling retriever intelligent affectionate eager please play fetch tireless toller right arm fall ask throw left handed,affectionate intelligent outgoing,83,43.18,53.34,15.875732950000002,22.6796185,12.0,14.0,sporting_group,0.4,weekly_brushing,0.6,seasonal,1.0,needs_lots_of_activity,0.8,easy_training,0.8,friendly,156,3,little gundog big name smallest akc retriever standing ideally inch shoulder toller trademark coat stunning crimson ranging golden red dark coppery color white marking strong agile toller medium dog medium size bone coat length almond shaped eye project alert expression toller upbeat athlete require outlet boundless vigor hunting hiking camping course swimming ideally suited webbed foot toller smart handsome affectionate companion red tornado recommended enough time energy keep usefully occupied smallest akc retriever nova scotia duck tolling retriever intelligent affectionate eager please play fetch tireless toller right arm fall ask throw left handed affectionate intelligent outgoing sporting_group nova_scotia_duck_tolling_retriever weekly_brushing seasonal needs_lots_of_activity easy_training friendly
181,old_english_sheepdog,beneath old english sheepdog profuse double coat muscular compact drover plenty bone big rump standing inch shoulder eye see dark brown blue one oes breed standard say skull capacious rather squarely formed giving plenty room brain power oes move bear like shuffle famous nimbleness afoot regular exercise required strong able bodied worker equally famed many fine housedog quality watchfulness courage kindliness intelligence great child oes make patient protective playmate sensible watchdog known loud ringing bark old english sheepdog archetypical shaggy dog famous profuse coat peak boo hairdo distinctive bear like gait mellow agreeable nature oes big agile dog enjoys exploring good romp,adaptable gentle smart,72,53.34,55.88,27.2155422,45.359237,10.0,12.0,herding_group,0.6,2-3_times_a_week_brushing,0.6,seasonal,0.6,regular_exercise,0.4,independent,0.6,alert/responsive,158,3,beneath old english sheepdog profuse double coat muscular compact drover plenty bone big rump standing inch shoulder eye see dark brown blue one oes breed standard say skull capacious rather squarely formed giving plenty room brain power oes move bear like shuffle famous nimbleness afoot regular exercise required strong able bodied worker equally famed many fine housedog quality watchfulness courage kindliness intelligence great child oes make patient protective playmate sensible watchdog known loud ringing bark old english sheepdog archetypical shaggy dog famous profuse coat peak boo hairdo distinctive bear like gait mellow agreeable nature oes big agile dog enjoys exploring good romp adaptable gentle smart herding_group old_english_sheepdog 2-3_times_a_week_brushing seasonal regular_exercise independent alert/responsive
182,otterhound,big bouncy hound ideally suited otter hunting oh built expert swimmer top rough waterproof coat bottom big webbed foot broad chest powerful shoulder allow swim day without tiring large black nose amazingly sensitive could follow otter underwater scent trail great distance oh size strength enabled take sharp toothed razor clawed otter might weigh pound big boisterous affectionate otterhound bred medieval england outlawed activity otter hunting scarce breed known dense shaggy coat webbed foot acute sense smell affinity swimming,even tempered amiable boisterous,182,60.96,68.58,36.2873896,52.16312255,10.0,13.0,hound_group,0.4,weekly_brushing,0.6,seasonal,0.6,regular_exercise,0.2,may_be_stubborn,0.6,alert/responsive,123,3,big bouncy hound ideally suited otter hunting oh built expert swimmer top rough waterproof coat bottom big webbed foot broad chest powerful shoulder allow swim day without tiring large black nose amazingly sensitive could follow otter underwater scent trail great distance oh size strength enabled take sharp toothed razor clawed otter might weigh pound big boisterous affectionate otterhound bred medieval england outlawed activity otter hunting scarce breed known dense shaggy coat webbed foot acute sense smell affinity swimming even tempered amiable boisterous hound_group otterhound weekly_brushing seasonal regular_exercise may_be_stubborn alert/responsive
183,papillon,tiny dog measuring inch shoulder still spot papillon block away thanks large wing shaped ear give breed name papillon french butterfly pap erect ear others known phalene type ear pap dainty elegant plumed tail long silky coat several color combination base color white robust look pap little dog season reason thrive warm cool climate town country eager join family fun excellent agility dog consistent winner sport highest level less ambitious owner train kind trick quick curious papillon toy dog singular beauty upbeat athleticism despite refined appearance pap truly doggy dog blessed hardy constitution papillon fancier describe breed happy alert friendly,friendly alert happy,54,20.32,27.94,2.2679618500000003,4.535923700000001,14.0,16.0,toy_group,0.4,weekly_brushing,0.6,seasonal,0.6,regular_exercise,1.0,eager_to_please,1.0,outgoing,174,3,tiny dog measuring inch shoulder still spot papillon block away thanks large wing shaped ear give breed name papillon french butterfly pap erect ear others known phalene type ear pap dainty elegant plumed tail long silky coat several color combination base color white robust look pap little dog season reason thrive warm cool climate town country eager join family fun excellent agility dog consistent winner sport highest level less ambitious owner train kind trick quick curious papillon toy dog singular beauty upbeat athleticism despite refined appearance pap truly doggy dog blessed hardy constitution papillon fancier describe breed happy alert friendly friendly alert happy toy_group papillon weekly_brushing seasonal regular_exercise eager_to_please outgoing
184,parson_russell_terrier,prts stand inch shoulder weigh pound peak condition intelligent expression mostly white coat beautifully balanced body give prts adorable look plush toy come life fooled cuteness prts tough little guy built england traditional sport foxhunting fast enough follow hound fearless enough dig ground flush fox lair parson russell terrier bold clever terrier swift enough run horse fearless enough dig flush fox lair independent problem solver prts idea go thing,friendly clever athletic,117,33.02,35.56,5.8967008100000005,7.71107029,13.0,15.0,terrier_group,0.4,weekly_brushing,0.4,occasional,1.0,needs_lots_of_activity,0.6,agreeable,0.8,friendly,122,3,prts stand inch shoulder weigh pound peak condition intelligent expression mostly white coat beautifully balanced body give prts adorable look plush toy come life fooled cuteness prts tough little guy built england traditional sport foxhunting fast enough follow hound fearless enough dig ground flush fox lair parson russell terrier bold clever terrier swift enough run horse fearless enough dig flush fox lair independent problem solver prts idea go thing friendly clever athletic terrier_group parson_russell_terrier weekly_brushing occasional needs_lots_of_activity agreeable friendly
185,pekingese,pekinese compact stocky toy dog weighing pound coat longest neck shoulder giving peke famous lion mane coat come various red golden red darker shade large short muzzled head wider long envelope shaped rectangle eye large dark sparkly unique feature peke effortless rolling gait peke charming confident companion develop tight bond favorite human bred live palace serenely independent emperor owned opinionated peke people say ever alert make good watchdog peke tolerate kid stand lot roughhousing pekinese compact toy companion regal bearing distinctive rolling gait one several breed created ruling class ancient china sophisticated dog undying loyalty many subtle delight,affectionate loyal regal manner,92,15.24,22.86,6.35029318,6.35029318,12.0,14.0,toy_group,0.6,2-3_times_a_week_brushing,0.6,seasonal,0.4,calm,0.2,may_be_stubborn,0.4,reserved_with_strangers,156,5,pekinese compact stocky toy dog weighing pound coat longest neck shoulder giving peke famous lion mane coat come various red golden red darker shade large short muzzled head wider long envelope shaped rectangle eye large dark sparkly unique feature peke effortless rolling gait peke charming confident companion develop tight bond favorite human bred live palace serenely independent emperor owned opinionated peke people say ever alert make good watchdog peke tolerate kid stand lot roughhousing pekinese compact toy companion regal bearing distinctive rolling gait one several breed created ruling class ancient china sophisticated dog undying loyalty many subtle delight affectionate loyal regal manner toy_group pekingese 2-3_times_a_week_brushing seasonal calm may_be_stubborn reserved_with_strangers
186,pembroke_welsh_corgi,inch shoulder pound well built male pembroke present big dog small package short powerful leg muscular thigh deep chest equip hard day work built long low pembroke surprisingly quick agile red sable fawn black tan without white marking pembroke bright sensitive dog enjoys play human family responds well training herder bred move cattle fearless independent vigilant watchdog acute sens big dog bark family meet bold kindly pembroke need activity togetherness never loyal loving pet among agreeable small housedog pembroke welsh corgi strong athletic lively little herder affectionate companionable without needy one world popular herding breed,affectionate smart alert,13,25.4,30.48,12.70058636,13.6077711,12.0,13.0,herding_group,0.4,weekly_brushing,0.8,regularly,0.8,energetic,0.6,agreeable,1.0,outgoing,168,3,inch shoulder pound well built male pembroke present big dog small package short powerful leg muscular thigh deep chest equip hard day work built long low pembroke surprisingly quick agile red sable fawn black tan without white marking pembroke bright sensitive dog enjoys play human family responds well training herder bred move cattle fearless independent vigilant watchdog acute sens big dog bark family meet bold kindly pembroke need activity togetherness never loyal loving pet among agreeable small housedog pembroke welsh corgi strong athletic lively little herder affectionate companionable without needy one world popular herding breed affectionate smart alert herding_group pembroke_welsh_corgi weekly_brushing regularly energetic agreeable outgoing
187,perro_de_presa_canario,moderately large sized molossoid rectilinear profile black mask perro de presa canario robust well proportioned low deep bark balanced temperament self confident obedient docile family member devoted master suspicious stranger alert stance firm vigilant perro de presa canario calm appearance attentive expression especially suited guarding traditionally used herding cattle,confident calm strong willed,,55.88,66.04,38.10175908,49.895160700000005,9.0,11.0,foundation_stock_service,0.2,occasional_bath/brush,0.6,seasonal,0.4,calm,0.6,agreeable,0.6,friendly,85,3,moderately large sized molossoid rectilinear profile black mask perro de presa canario robust well proportioned low deep bark balanced temperament self confident obedient docile family member devoted master suspicious stranger alert stance firm vigilant perro de presa canario calm appearance attentive expression especially suited guarding traditionally used herding cattle confident calm strong willed foundation_stock_service perro_de_presa_canario occasional_bath/brush seasonal calm agreeable friendly
188,peruvian_inca_orchid,affectionate companion dog essentially sighthounds think greyhound whippet elegant contour racy cousin pios come range size smallest might stand short inch largest top nearly inch distinguishing feature course hairlessness delicate skin solid color spotted unpigmented area coated pios minority coated hairless variety occur littler going general conformation elegant slim dog whose aspect express speed strength harmony without ever appearing coarse another particular feature dentition hairless variety nearly always incomplete associated congenital alopecia noble affectionate home close time lively alert might wary stranger good watch dog breed loyal protective family like dog supervised around younger child caution also taken small pet may seen prey agile smart swift peruvian inca orchid elegant sighthound developed peru breed hairless coated come three size small medium large lively alert dog good hunter well lure coursing rally agility hairless variety skin color coated variety color accepted including black brown gray pink tan white,affectionate loyal noble,,24.765,65.405,3.855535145,24.947580350000003,12.0,14.0,miscellaneous_class,0.2,occasional_bath/brush,0.8,regularly,0.8,energetic,0.6,agreeable,0.4,reserved_with_strangers,267,3,affectionate companion dog essentially sighthounds think greyhound whippet elegant contour racy cousin pios come range size smallest might stand short inch largest top nearly inch distinguishing feature course hairlessness delicate skin solid color spotted unpigmented area coated pios minority coated hairless variety occur littler going general conformation elegant slim dog whose aspect express speed strength harmony without ever appearing coarse another particular feature dentition hairless variety nearly always incomplete associated congenital alopecia noble affectionate home close time lively alert might wary stranger good watch dog breed loyal protective family like dog supervised around younger child caution also taken small pet may seen prey agile smart swift peruvian inca orchid elegant sighthound developed peru breed hairless coated come three size small medium large lively alert dog good hunter well lure coursing rally agility hairless variety skin color coated variety color accepted including black brown gray pink tan white affectionate loyal noble miscellaneous_class peruvian_inca_orchid occasional_bath/brush regularly energetic agreeable reserved_with_strangers
189,petit_basset_griffon_vendéen,loose translation name describes dog well petit small basset low griffon rough coated vendéen vendée region france put together diminutive hound standing inch shoulder short strong leg rough tousled coat bred hunt rabbit rugged west coast france distinctive feature little extrovert proudly carried head saber tail loud hound bark petit basset griffon vendéen vivacious small french hunting hound known happy demeanor durable constitution bred work pack pbgvs enjoy company well dog kid,alert happy vivacious,156,33.02,38.1,11.33980925,18.1436948,12.0,14.0,hound_group,0.4,weekly_brushing,0.4,occasional,0.8,energetic,0.4,independent,0.8,friendly,119,3,loose translation name describes dog well petit small basset low griffon rough coated vendéen vendée region france put together diminutive hound standing inch shoulder short strong leg rough tousled coat bred hunt rabbit rugged west coast france distinctive feature little extrovert proudly carried head saber tail loud hound bark petit basset griffon vendéen vivacious small french hunting hound known happy demeanor durable constitution bred work pack pbgvs enjoy company well dog kid alert happy vivacious hound_group petit_basset_griffon_vendéen weekly_brushing occasional energetic independent friendly
190,pharaoh_hound,pharaoh sleek aerodynamic coursing hound bred high speed pursuit rocky terrain among several distinguishing trait tight tan coat matching leather nose ear eye rim ravishing amber eye white tipped tail ability smile unique way blushing happy excited face glow like god wrote admirer year ago elegant visitor antiquity posse speed graceful movement courser descended bronze age hound pharaoh hound ancient blushing dog malta elegant rugged sprinting hound bred course small game punishing terrain quick tenacious scent friendly affectionate hound settle nicely home,friendly smart noble,172,53.34,63.5,20.41165665,24.947580350000003,12.0,14.0,hound_group,0.4,weekly_brushing,0.6,seasonal,0.8,energetic,0.4,independent,0.4,reserved_with_strangers,122,3,pharaoh sleek aerodynamic coursing hound bred high speed pursuit rocky terrain among several distinguishing trait tight tan coat matching leather nose ear eye rim ravishing amber eye white tipped tail ability smile unique way blushing happy excited face glow like god wrote admirer year ago elegant visitor antiquity posse speed graceful movement courser descended bronze age hound pharaoh hound ancient blushing dog malta elegant rugged sprinting hound bred course small game punishing terrain quick tenacious scent friendly affectionate hound settle nicely home friendly smart noble hound_group pharaoh_hound weekly_brushing seasonal energetic independent reserved_with_strangers
191,plott_hound,hound curious name get unique history get streamlined long tailed light footed hunter standing high inch shoulder flashy coat come array brindle stripe pattern black flecked gold flaming orange russet addition solid color medium length ear hang gracefully leather nose lip eye rim black setting inquisitive confident expression plott hound hound curious name unique history rugged relentless hunting dog mellow gentleman home fearless implacable bold work eye catching scenthound north carolina state dog,loyal alert intelligent,171,50.8,63.5,18.1436948,27.2155422,12.0,14.0,hound_group,0.2,occasional_bath/brush,0.4,occasional,0.8,energetic,0.4,independent,0.6,alert/responsive,124,3,hound curious name get unique history get streamlined long tailed light footed hunter standing high inch shoulder flashy coat come array brindle stripe pattern black flecked gold flaming orange russet addition solid color medium length ear hang gracefully leather nose lip eye rim black setting inquisitive confident expression plott hound hound curious name unique history rugged relentless hunting dog mellow gentleman home fearless implacable bold work eye catching scenthound north carolina state dog loyal alert intelligent hound_group plott_hound occasional_bath/brush occasional energetic independent alert/responsive
192,pointer,noble pointer ultimate expression canine power grace unquestioned aristocrat sporting world pointer carry proudly capable great speed agility coat come several color solid pattern breed devotee like say good pointer bad color large male stand inch shoulder weigh pound small female might weigh little pound stand inch pointer ultimate expression canine power grace breed name job description pointer point game bird pointing century high energy pointer excellent runner companion,loyal hardworking even tempered,114,58.42,71.12,20.41165665,34.01942775,12.0,17.0,sporting_group,0.4,weekly_brushing,0.4,occasional,0.8,energetic,0.6,agreeable,0.6,alert/responsive,122,3,noble pointer ultimate expression canine power grace unquestioned aristocrat sporting world pointer carry proudly capable great speed agility coat come several color solid pattern breed devotee like say good pointer bad color large male stand inch shoulder weigh pound small female might weigh little pound stand inch pointer ultimate expression canine power grace breed name job description pointer point game bird pointing century high energy pointer excellent runner companion loyal hardworking even tempered sporting_group pointer weekly_brushing occasional energetic agreeable alert/responsive
193,polish_lowland_sheepdog,first nickname pon acronym polish breed name polski owczarek nizinny pons particularly large dog standing inch shoulder muscular stocky rectangular body covered head toe double coat long shaggy top soft dense come several color head profuse coat cover eye convey keen penetrating gaze common watchdog herder shaggy coated herding dog thrives exercise hard work polish lowland sheepdog clever confident bit stubborn compact alert adaptable beloved companion watchdog polish city dweller,confident clever lively,170,43.18,50.8,13.6077711,22.6796185,12.0,14.0,herding_group,0.8,daily_brushing,0.6,seasonal,0.8,energetic,0.2,may_be_stubborn,0.2,aloof/wary,117,3,first nickname pon acronym polish breed name polski owczarek nizinny pons particularly large dog standing inch shoulder muscular stocky rectangular body covered head toe double coat long shaggy top soft dense come several color head profuse coat cover eye convey keen penetrating gaze common watchdog herder shaggy coated herding dog thrives exercise hard work polish lowland sheepdog clever confident bit stubborn compact alert adaptable beloved companion watchdog polish city dweller confident clever lively herding_group polish_lowland_sheepdog daily_brushing seasonal energetic may_be_stubborn aloof/wary
194,pomeranian,pomeranian combine tiny body seven pound commanding big dog demeanor abundant double coat frill extending chest shoulder come almost two dozen color various pattern marking commonly seen orange red alert intelligent pomeranian easily trained make fine watchdog perky pet family child old enough know difference toy dog toy pom active exercised indoor play short walk content city suburb master trick game ease though favorite activity providing laugh companionship special human tiny pomeranian long favorite royal commoner alike called ideal companion glorious coat smiling foxy face vivacious personality helped make pom one world popular toy breed,inquisitive bold lively,23,15.24,17.78,1.36077711,3.17514659,12.0,16.0,toy_group,0.6,2-3_times_a_week_brushing,0.6,seasonal,0.6,regular_exercise,0.6,agreeable,0.6,alert/responsive,162,3,pomeranian combine tiny body seven pound commanding big dog demeanor abundant double coat frill extending chest shoulder come almost two dozen color various pattern marking commonly seen orange red alert intelligent pomeranian easily trained make fine watchdog perky pet family child old enough know difference toy dog toy pom active exercised indoor play short walk content city suburb master trick game ease though favorite activity providing laugh companionship special human tiny pomeranian long favorite royal commoner alike called ideal companion glorious coat smiling foxy face vivacious personality helped make pom one world popular toy breed inquisitive bold lively toy_group pomeranian 2-3_times_a_week_brushing seasonal regular_exercise agreeable alert/responsive
195,poodle_miniature,poodle come three size variety standard inch tall shoulder miniature inch toy stand inch three variety build proportion dog show poodle usually seen elaborate continental clip pet owner prefer simpler sporting clip coat shorn follow outline squarely built smoothly muscled body forget old stereotype poodle sissy dog poodle eager athletic wickedly smart real dog remarkable versatility standard greater size strength best around athlete family poodle trained great success whether standard miniature toy either black white apricot poodle stand proudly among dogdom true aristocrat beneath curly low allergen coat elegant athlete companion reason season,active proud smart,7,25.4,38.1,4.535923700000001,6.80388555,10.0,18.0,non-sporting_group,0.4,weekly_brushing,0.6,seasonal,0.6,regular_exercise,0.6,agreeable,0.6,friendly,156,4,poodle come three size variety standard inch tall shoulder miniature inch toy stand inch three variety build proportion dog show poodle usually seen elaborate continental clip pet owner prefer simpler sporting clip coat shorn follow outline squarely built smoothly muscled body forget old stereotype poodle sissy dog poodle eager athletic wickedly smart real dog remarkable versatility standard greater size strength best around athlete family poodle trained great success whether standard miniature toy either black white apricot poodle stand proudly among dogdom true aristocrat beneath curly low allergen coat elegant athlete companion reason season active proud smart non-sporting_group poodle_miniature weekly_brushing seasonal regular_exercise agreeable friendly
196,poodle_standard,poodle come three size variety standard inch tall shoulder miniature inch toy stand inch three variety build proportion dog show poodle usually seen elaborate continental clip pet owner prefer simpler sporting clip coat shorn follow outline squarely built smoothly muscled body forget old stereotype poodle sissy dog poodle eager athletic wickedly smart real dog remarkable versatility standard greater size strength best around athlete family poodle trained great success whether standard miniature toy either black white apricot poodle stand proudly among dogdom true aristocrat beneath curly low allergen coat elegant athlete companion reason season,active proud smart,7,38.1,38.1,18.1436948,31.751465900000003,10.0,18.0,non-sporting_group,1.0,specialty/professional,0.2,infrequent,0.6,regular_exercise,1.0,eager_to_please,0.8,friendly,156,4,poodle come three size variety standard inch tall shoulder miniature inch toy stand inch three variety build proportion dog show poodle usually seen elaborate continental clip pet owner prefer simpler sporting clip coat shorn follow outline squarely built smoothly muscled body forget old stereotype poodle sissy dog poodle eager athletic wickedly smart real dog remarkable versatility standard greater size strength best around athlete family poodle trained great success whether standard miniature toy either black white apricot poodle stand proudly among dogdom true aristocrat beneath curly low allergen coat elegant athlete companion reason season active proud smart non-sporting_group poodle_standard specialty/professional infrequent regular_exercise eager_to_please friendly
197,poodle_toy,poodle come three size variety standard inch tall shoulder miniature inch toy stand inch three variety build proportion dog show poodle usually seen elaborate continental clip pet owner prefer simpler sporting clip coat shorn follow outline squarely built smoothly muscled body forget old stereotype poodle sissy dog poodle eager athletic wickedly smart real dog remarkable versatility abundance steady character intelligence toy poodle person expects treated like one despite diminutive size toy poodle stand proudly among dogdom true aristocrat beneath curly low allergen coat elegant athlete companion reason season,agile intelligent self confident,7,25.4,25.4,1.81436948,2.72155422,10.0,18.0,toy_group,1.0,specialty/professional,0.2,infrequent,0.6,regular_exercise,1.0,eager_to_please,0.8,friendly,146,3,poodle come three size variety standard inch tall shoulder miniature inch toy stand inch three variety build proportion dog show poodle usually seen elaborate continental clip pet owner prefer simpler sporting clip coat shorn follow outline squarely built smoothly muscled body forget old stereotype poodle sissy dog poodle eager athletic wickedly smart real dog remarkable versatility abundance steady character intelligence toy poodle person expects treated like one despite diminutive size toy poodle stand proudly among dogdom true aristocrat beneath curly low allergen coat elegant athlete companion reason season agile intelligent self confident toy_group poodle_toy specialty/professional infrequent regular_exercise eager_to_please friendly
198,porcelaine,elegant proud graceful cat like stunningly gorgeous porcelaine never shy timid always eager pat head hug nature make excellent candidate medical therapy medical alert medical service police public relation search rescue porcelaine primarily hunting dog breed originating mixture highly intelligent french english scent hound said must remember breed high prey drive require careful consideration housing handling another charming aspect breed tend quiet indoors kennel beautiful melodious baying call nuisance barker porcelaine elegant energetic fierce hunter used small game driving waiting gun fond owner family friend child love take part family activity excels house pet easily crate trained housebroken,independent energetic powerful,,55.88,58.42,24.947580350000003,28.12272694,12.0,13.0,foundation_stock_service,0.2,occasional_bath/brush,0.6,seasonal,0.8,energetic,0.6,agreeable,0.6,alert/responsive,173,3,elegant proud graceful cat like stunningly gorgeous porcelaine never shy timid always eager pat head hug nature make excellent candidate medical therapy medical alert medical service police public relation search rescue porcelaine primarily hunting dog breed originating mixture highly intelligent french english scent hound said must remember breed high prey drive require careful consideration housing handling another charming aspect breed tend quiet indoors kennel beautiful melodious baying call nuisance barker porcelaine elegant energetic fierce hunter used small game driving waiting gun fond owner family friend child love take part family activity excels house pet easily crate trained housebroken independent energetic powerful foundation_stock_service porcelaine occasional_bath/brush seasonal energetic agreeable alert/responsive
199,portuguese_podengo,podengo rugged coursing hound come two size medio medium standing inch shoulder grande large inch also two coat type smooth wirehaired breed enthusiast describe primitive rustic frill hound untouched fad fashion since arriving iberian peninsula age ago among distinctive characteristic large erect triangular ear pyramid shaped head taper nose sweetly expressive almond shaped eye podengos general funny dog love play easily entertain toy chase stalk around house yard highly intelligent learn new thing fast since watchful dog though easy going playful stranger may view smaller animal like dog cat prey may quite reserved initially prefer greet stranger term tolerant compliant eager please family member put request make portuguese podengos lively agile playful alert highly intelligent always easy train independent yet loving family sometimes suspicious stranger breed two size different job larger hunt deer boar medium sized hunt rabbit u successful coursing agility nose work barn hunt rally conformation ring,independent alert intelligent,,40.64,71.12,15.875732950000002,29.937096420000003,10.0,12.0,miscellaneous_class,0.4,weekly_brushing,0.8,regularly,0.8,energetic,0.6,agreeable,0.4,reserved_with_strangers,252,3,podengo rugged coursing hound come two size medio medium standing inch shoulder grande large inch also two coat type smooth wirehaired breed enthusiast describe primitive rustic frill hound untouched fad fashion since arriving iberian peninsula age ago among distinctive characteristic large erect triangular ear pyramid shaped head taper nose sweetly expressive almond shaped eye podengos general funny dog love play easily entertain toy chase stalk around house yard highly intelligent learn new thing fast since watchful dog though easy going playful stranger may view smaller animal like dog cat prey may quite reserved initially prefer greet stranger term tolerant compliant eager please family member put request make portuguese podengos lively agile playful alert highly intelligent always easy train independent yet loving family sometimes suspicious stranger breed two size different job larger hunt deer boar medium sized hunt rabbit u successful coursing agility nose work barn hunt rally conformation ring independent alert intelligent miscellaneous_class portuguese_podengo weekly_brushing regularly energetic agreeable reserved_with_strangers
200,portuguese_podengo_pequeno,pequeno smallest portugal three podengo breed standing inch shoulder weighing pound distinctive feature wedge shaped head expressive almond shaped eye erect pointed ear long backed body muscular tail tapered sickle shaped coat either short dense long wiry overall look rustic nonsense rabbit dog unspoiled passing fashion classified hound alert playful little portuguese podengo pequeno quick athletic rabbit hunter ancient lineage pequenos love run romp chase outdoors make charming well mannered housemate,playful charming lively,154,20.32,30.48,4.082331330000001,5.8967008100000005,12.0,15.0,hound_group,0.4,weekly_brushing,0.6,seasonal,0.8,energetic,0.6,agreeable,0.8,friendly,112,3,pequeno smallest portugal three podengo breed standing inch shoulder weighing pound distinctive feature wedge shaped head expressive almond shaped eye erect pointed ear long backed body muscular tail tapered sickle shaped coat either short dense long wiry overall look rustic nonsense rabbit dog unspoiled passing fashion classified hound alert playful little portuguese podengo pequeno quick athletic rabbit hunter ancient lineage pequenos love run romp chase outdoors make charming well mannered housemate playful charming lively hound_group portuguese_podengo_pequeno weekly_brushing seasonal energetic agreeable friendly
201,portuguese_pointer,portuguese pointer considered medium sized dog sporting dog quite bit energy especially young affectionate nature intense portuguese standard describes sometimes inappropriate inconvenient breed hardy capable great endurance devotion calm sociable somewhat haughty towards dog curious nature work persistence vivacity always keen hunter stay close contact handler club contact detailsclub portuguese pointer club americaname temple dasilvaemail greenfallshollow comcast net portuguese pointer old hunting breed bred work closely handler enthusiastic work dedicated owner,affectionate smart energetic,,52.07,55.88,15.875732950000002,26.76194983,14.0,14.0,foundation_stock_service,0.2,occasional_bath/brush,0.4,occasional,0.8,energetic,1.0,eager_to_please,0.8,friendly,126,3,portuguese pointer considered medium sized dog sporting dog quite bit energy especially young affectionate nature intense portuguese standard describes sometimes inappropriate inconvenient breed hardy capable great endurance devotion calm sociable somewhat haughty towards dog curious nature work persistence vivacity always keen hunter stay close contact handler club contact detailsclub portuguese pointer club americaname temple dasilvaemail greenfallshollow comcast net portuguese pointer old hunting breed bred work closely handler enthusiastic work dedicated owner affectionate smart energetic foundation_stock_service portuguese_pointer occasional_bath/brush occasional energetic eager_to_please friendly
202,portuguese_sheepdog,portuguese sheepdog medium sized dog appreciable rusticity sobriety extremely agile swift long hair goat like texture without undercoat straight slightly wavy dense evenly distributed coat form long beard mustache eyebrow long cover eye coat color yellow brown grey fawn wolf grey shade ranging light dark black accompanied tan marking lively breed simian like attitude appearance known native region portugal monkey dog portuguese sheepdog exceptionally intelligent lively devoted shepherd herd somewhat wary stranger vigilant night today also excellent companion sporting guard dog known skillful ability keep livestock pasture also searching stray animal always vigilant successfully alert predator area breed extremely devoted work conduct joy pleasure,intelligent devoted lively,,41.91,54.61,17.009713875,26.76194983,12.0,13.0,foundation_stock_service,0.4,weekly_brushing,0.4,occasional,0.8,energetic,0.6,agreeable,0.6,friendly,188,3,portuguese sheepdog medium sized dog appreciable rusticity sobriety extremely agile swift long hair goat like texture without undercoat straight slightly wavy dense evenly distributed coat form long beard mustache eyebrow long cover eye coat color yellow brown grey fawn wolf grey shade ranging light dark black accompanied tan marking lively breed simian like attitude appearance known native region portugal monkey dog portuguese sheepdog exceptionally intelligent lively devoted shepherd herd somewhat wary stranger vigilant night today also excellent companion sporting guard dog known skillful ability keep livestock pasture also searching stray animal always vigilant successfully alert predator area breed extremely devoted work conduct joy pleasure intelligent devoted lively foundation_stock_service portuguese_sheepdog weekly_brushing occasional energetic agreeable friendly
203,portuguese_water_dog,portuguese water dog super smart biddable meaning easy train eager please breed groomed two style retriever clip entire coat clipped one inch length tail tip full length check lion clip coat hindquarter muzzle clipped skin bright biddable portuguese water dog bred around fisherman helper robust medium sized body covered coat tight low shedding curl eager athletic companion built water work,affectionate adventurous athletic,50,43.18,58.42,15.875732950000002,27.2155422,11.0,13.0,working_group,0.8,daily_brushing,0.6,seasonal,0.8,energetic,0.8,easy_training,0.6,alert/responsive,103,3,portuguese water dog super smart biddable meaning easy train eager please breed groomed two style retriever clip entire coat clipped one inch length tail tip full length check lion clip coat hindquarter muzzle clipped skin bright biddable portuguese water dog bred around fisherman helper robust medium sized body covered coat tight low shedding curl eager athletic companion built water work affectionate adventurous athletic working_group portuguese_water_dog daily_brushing seasonal energetic easy_training alert/responsive
204,pudelpointer,pudelpointer originated germany created crossing poodle pointer versatile genetically sound healthy gun dog emerged cross breed useful kind work field wood water coat wire haired smooth short rough coat color range light brown black may also small white marking pudelpointer calm self controlled versatile gun dog distinct hunting instinct lack game gun shyness native country germany always ranked high performance test field breed enjoyed valued desire drive,friendly smart willing please,,55.88,66.04,20.41165665,31.751465900000003,14.0,14.0,foundation_stock_service,0.2,occasional_bath/brush,0.6,seasonal,0.6,regular_exercise,0.6,agreeable,0.6,friendly,115,5,pudelpointer originated germany created crossing poodle pointer versatile genetically sound healthy gun dog emerged cross breed useful kind work field wood water coat wire haired smooth short rough coat color range light brown black may also small white marking pudelpointer calm self controlled versatile gun dog distinct hunting instinct lack game gun shyness native country germany always ranked high performance test field breed enjoyed valued desire drive friendly smart willing please foundation_stock_service pudelpointer occasional_bath/brush seasonal regular_exercise agreeable friendly
205,pug,pug motto latin phrase multum parvo lot little apt description small muscular breed come three color silver apricot fawn black face mask black large round head big sparkling eye wrinkled brow give pug range human like expression surprise happiness curiosity delighted owner century pug owner say breed ideal house dog pug happy city country kid old folk pet pack enjoy food care must taken keep trim best moderate climate hot cold proper care pug adorable self anywhere mischievous companion chinese emperor later mascot holland royal house orange small solid pug today adored million fan around world pug live love loved return,charming mischievous loving,28,25.4,33.02,6.35029318,8.164662660000001,13.0,15.0,toy_group,0.4,weekly_brushing,0.8,regularly,0.6,regular_exercise,0.6,agreeable,0.8,friendly,172,3,pug motto latin phrase multum parvo lot little apt description small muscular breed come three color silver apricot fawn black face mask black large round head big sparkling eye wrinkled brow give pug range human like expression surprise happiness curiosity delighted owner century pug owner say breed ideal house dog pug happy city country kid old folk pet pack enjoy food care must taken keep trim best moderate climate hot cold proper care pug adorable self anywhere mischievous companion chinese emperor later mascot holland royal house orange small solid pug today adored million fan around world pug live love loved return charming mischievous loving toy_group pug weekly_brushing regularly regular_exercise agreeable friendly
206,puli,first dreadlock instantly recognizable feature pul pronounced poo lee pulik plural coat naturally occurring cord wooly dense weatherproof either corded brushed pul coat require lot attention dread compact powerful dog standing inch shoulder pulik remarkably agile light foot earning reputation acrobat dog world breed mistaken pul compact powerful herder covered head tail profuse naturally occurring cord bred work closely human agile faithful little dynamo quick learner,loyal smart home loving,160,40.64,43.18,11.33980925,15.875732950000002,10.0,15.0,herding_group,1.0,specialty/professional,0.2,infrequent,0.6,regular_exercise,0.4,independent,0.4,reserved_with_strangers,113,3,first dreadlock instantly recognizable feature pul pronounced poo lee pulik plural coat naturally occurring cord wooly dense weatherproof either corded brushed pul coat require lot attention dread compact powerful dog standing inch shoulder pulik remarkably agile light foot earning reputation acrobat dog world breed mistaken pul compact powerful herder covered head tail profuse naturally occurring cord bred work closely human agile faithful little dynamo quick learner loyal smart home loving herding_group puli specialty/professional infrequent regular_exercise independent reserved_with_strangers
207,pumi,pumi poo mee plural pumik conceived compact quick fearless sheepherder capable moving flock narrow road connecting pasture western hungary glance might hard believe cuddly charmer born tough work coat corkscrew curl circular tail expressive ear distinctively whimsical look pumi kind cute beneath curl lean deep chested herder seemingly endless capacity work play compact nimble footed herder hungarian origin pumi easily recognized corkscrew curled coat two third erect ear distinctive whimsical expression breed famed intelligence agility boldness,energetic lively ready work,151,38.1,46.99,9.97903214,13.15417873,12.0,13.0,herding_group,0.2,occasional_bath/brush,0.2,infrequent,0.8,energetic,0.8,easy_training,0.6,alert/responsive,120,5,pumi poo mee plural pumik conceived compact quick fearless sheepherder capable moving flock narrow road connecting pasture western hungary glance might hard believe cuddly charmer born tough work coat corkscrew curl circular tail expressive ear distinctively whimsical look pumi kind cute beneath curl lean deep chested herder seemingly endless capacity work play compact nimble footed herder hungarian origin pumi easily recognized corkscrew curled coat two third erect ear distinctive whimsical expression breed famed intelligence agility boldness energetic lively ready work herding_group pumi occasional_bath/brush infrequent energetic easy_training alert/responsive
208,pyrenean_mastiff,pyrenean mastiff friendly towards human calm noble intelligent time courageous proud towards stranger never back away behavior towards dog good natured aware superior strength though job alert stranger animal come around known incessant barker guardian breed pyrenean mastiff low prey drive therefore love protects creature human animal alike love child welcome friend family feel need protect real threat love get bit messy though like mastiff drool quite profusely exposed heat food water club contact detailspyrenean mastiff usa clubemail pmusa pyreneanmastiffclubs orgphone century old rare breed pyrenees mountain spain livestock guardian protected flock wolf bear thief today still effective guardian many family found joy owning gentle loving yet independent pyrenean mastiff,gentle brave noble,,63.5,78.74,54.4310844,108.8621688,10.0,13.0,foundation_stock_service,0.6,2-3_times_a_week_brushing,0.6,seasonal,0.4,calm,0.6,agreeable,0.6,friendly,189,3,pyrenean mastiff friendly towards human calm noble intelligent time courageous proud towards stranger never back away behavior towards dog good natured aware superior strength though job alert stranger animal come around known incessant barker guardian breed pyrenean mastiff low prey drive therefore love protects creature human animal alike love child welcome friend family feel need protect real threat love get bit messy though like mastiff drool quite profusely exposed heat food water club contact detailspyrenean mastiff usa clubemail pmusa pyreneanmastiffclubs orgphone century old rare breed pyrenees mountain spain livestock guardian protected flock wolf bear thief today still effective guardian many family found joy owning gentle loving yet independent pyrenean mastiff gentle brave noble foundation_stock_service pyrenean_mastiff 2-3_times_a_week_brushing seasonal calm agreeable friendly
209,pyrenean_shepherd,tough lean lively herder famous vigorous free flowing movement come two coat variety rough faced smooth faced rough profuse windswept hair muzzle generally harsh coat smooth short facial hair finer textured coat slightly longer pointier muzzle variety sinewy rectangular breed come many color pattern pyr sheps see world dark almond shaped eye conveying alert cunning expression enthusiastic mischievous whip smart pyrenean shepherd indefatigable herder descended ancient sheepdog pyrenees mountain tough sinewy pyr sheps come rough faced smooth faced coat variety,affectionate active enthusiastic,181,38.1,53.34,6.80388555,13.6077711,0.0,0.0,herding_group,0.4,weekly_brushing,0.6,seasonal,0.8,energetic,0.6,agreeable,0.4,reserved_with_strangers,107,3,tough lean lively herder famous vigorous free flowing movement come two coat variety rough faced smooth faced rough profuse windswept hair muzzle generally harsh coat smooth short facial hair finer textured coat slightly longer pointier muzzle variety sinewy rectangular breed come many color pattern pyr sheps see world dark almond shaped eye conveying alert cunning expression enthusiastic mischievous whip smart pyrenean shepherd indefatigable herder descended ancient sheepdog pyrenees mountain tough sinewy pyr sheps come rough faced smooth faced coat variety affectionate active enthusiastic herding_group pyrenean_shepherd weekly_brushing seasonal energetic agreeable reserved_with_strangers
210,rafeiro_do_alentejo,since beginning breed history rafeiros alentejanos used pack hunting dog big game though function gradually disappeared time recently breed guard dog property livestock watching sheep cattle also often work alone prairie defend herd intruder hailing portugal rafeiro alentejo large sized dog powerful rustic sober calm move heavy slow roll coat short medium length thick straight dense black wolf grey fawn without brindling always white marking white patch color rafeiro alentejo excellent farm estate watch dog also useful livestock protector vigilant night serious guarding territory property entrusted calm confident expression,confident calm powerful,,63.5,73.66,34.926612490000004,59.874192840000006,12.0,14.0,foundation_stock_service,0.4,weekly_brushing,0.6,seasonal,0.4,calm,0.6,agreeable,0.6,friendly,160,3,since beginning breed history rafeiros alentejanos used pack hunting dog big game though function gradually disappeared time recently breed guard dog property livestock watching sheep cattle also often work alone prairie defend herd intruder hailing portugal rafeiro alentejo large sized dog powerful rustic sober calm move heavy slow roll coat short medium length thick straight dense black wolf grey fawn without brindling always white marking white patch color rafeiro alentejo excellent farm estate watch dog also useful livestock protector vigilant night serious guarding territory property entrusted calm confident expression confident calm powerful foundation_stock_service rafeiro_do_alentejo weekly_brushing seasonal calm agreeable friendly
211,rat_terrier,balanced compactly built rat terrier tough elegant looking two size division miniature stand inch shoulder standard inch high inch smooth shiny coat come variety pied pattern pied word borrowed horseman lexicon mean comparatively large patch one color combination white smoothly muscled exterminator constructed efficient movement required long day work american original breed name said coined teddy roosevelt rat terrier compact tough smooth coated exterminator dog rts come two size variety happy go lucky playful portable companion,friendly inquisitive lovable,86,25.4,45.72,4.535923700000001,11.33980925,12.0,18.0,terrier_group,0.4,weekly_brushing,0.6,seasonal,0.6,regular_exercise,0.8,easy_training,0.8,friendly,118,3,balanced compactly built rat terrier tough elegant looking two size division miniature stand inch shoulder standard inch high inch smooth shiny coat come variety pied pattern pied word borrowed horseman lexicon mean comparatively large patch one color combination white smoothly muscled exterminator constructed efficient movement required long day work american original breed name said coined teddy roosevelt rat terrier compact tough smooth coated exterminator dog rts come two size variety happy go lucky playful portable companion friendly inquisitive lovable terrier_group rat_terrier weekly_brushing seasonal regular_exercise easy_training friendly
212,redbone_coonhound,redbone medium large hound dog whose muscle undulate beneath sleek stunning red coat overall impression master sculptor carved block finest mahogany classically houndy head flanked ear long enough reach nose dreamy brown eye give face expression described breed devotee pleading bred work kind punishing terrain redbone fast surefooted move proud determined gait streamlined redbone coonhound american original even tempered mellow kindly home tiger trail vigorous activity like hunting swimming long period rest rhythm coonhound life,even tempered amiable eager please,142,53.34,68.58,20.41165665,31.751465900000003,12.0,15.0,hound_group,0.4,weekly_brushing,0.6,seasonal,0.6,regular_exercise,0.8,easy_training,0.8,friendly,117,5,redbone medium large hound dog whose muscle undulate beneath sleek stunning red coat overall impression master sculptor carved block finest mahogany classically houndy head flanked ear long enough reach nose dreamy brown eye give face expression described breed devotee pleading bred work kind punishing terrain redbone fast surefooted move proud determined gait streamlined redbone coonhound american original even tempered mellow kindly home tiger trail vigorous activity like hunting swimming long period rest rhythm coonhound life even tempered amiable eager please hound_group redbone_coonhound weekly_brushing seasonal regular_exercise easy_training friendly
213,rhodesian_ridgeback,beneath ridgeback trademark ridge whole lot hound ridgebacks fast powerful athlete weigh pound oftentimes come one color wheaten span every shade seen wheat field pale flaxen burnished red maturing crop ridgebacks also two nose color black less commonly seen brown formidable ridgeback strong willed independent sometimes domineering ridgebacks must guided firm fair hand puppyhood faithful friend protective loved one meltingly affectionate trust still ridgeback much hound novice dog owner rhodesian ridgeback purpose renaissance hound whose hallmark ridge stripe backward growing hair back though breed made famous native africa skill tracking baying never ever killing lion today ridgebacks cherished family dog whose owner must prepared deal independence strong prey drive,affectionate dignified even tempered,41,60.96,68.58,31.751465900000003,38.55535145,10.0,10.0,hound_group,0.4,weekly_brushing,0.6,seasonal,0.6,regular_exercise,0.4,independent,0.6,alert/responsive,187,3,beneath ridgeback trademark ridge whole lot hound ridgebacks fast powerful athlete weigh pound oftentimes come one color wheaten span every shade seen wheat field pale flaxen burnished red maturing crop ridgebacks also two nose color black less commonly seen brown formidable ridgeback strong willed independent sometimes domineering ridgebacks must guided firm fair hand puppyhood faithful friend protective loved one meltingly affectionate trust still ridgeback much hound novice dog owner rhodesian ridgeback purpose renaissance hound whose hallmark ridge stripe backward growing hair back though breed made famous native africa skill tracking baying never ever killing lion today ridgebacks cherished family dog whose owner must prepared deal independence strong prey drive affectionate dignified even tempered hound_group rhodesian_ridgeback weekly_brushing seasonal regular_exercise independent alert/responsive
214,romanian_mioritic_shepherd_dog,used century guard livestock homeland romania mioritic sheepdog typical livestock guarding dog lgd loyal reliable independent fiercely protective friendly devoted family mistrusting stranger large dog long coat requires regular grooming dog size temperament requires daily exercise basic obedience training mioritics lively stubborn spite independence sensitive creature furry armor puppy stick pack accepted kind creature dog cat horse sheep mioritic need close family tie house without door think would ideal certainly depends great deal weather favorite place always close favorite person determines resting place may even couch carpet suitable dog rule shepherd even puppy prefer sleep hard ground need dog basket special mattress mean allocated place work creating program necessary daily walk hike provide exciting variation romanian mioritic shepherd dog origin come near carpathian mountain breed impressive size character,loyal independent confident guardian,,57.15,73.66,45.359237,58.9670081,12.0,14.0,foundation_stock_service,0.4,weekly_brushing,0.4,occasional,0.6,regular_exercise,0.4,independent,0.2,aloof/wary,230,4,used century guard livestock homeland romania mioritic sheepdog typical livestock guarding dog lgd loyal reliable independent fiercely protective friendly devoted family mistrusting stranger large dog long coat requires regular grooming dog size temperament requires daily exercise basic obedience training mioritics lively stubborn spite independence sensitive creature furry armor puppy stick pack accepted kind creature dog cat horse sheep mioritic need close family tie house without door think would ideal certainly depends great deal weather favorite place always close favorite person determines resting place may even couch carpet suitable dog rule shepherd even puppy prefer sleep hard ground need dog basket special mattress mean allocated place work creating program necessary daily walk hike provide exciting variation romanian mioritic shepherd dog origin come near carpathian mountain breed impressive size character loyal independent confident guardian foundation_stock_service romanian_mioritic_shepherd_dog weekly_brushing occasional regular_exercise independent aloof/wary
215,rottweiler,male rottweiler stand anywhere muscular inch shoulder female run bit smaller lighter glistening short black coat smart rust marking add picture imposing strength thickly muscled hindquarter power rottie effortless trotting gait well bred properly raised rottie calm confident courageous unduly aggressive aloof demeanor world class guardian present outsider belies playfulness downright silliness endear rotties loved one one told rottie toy breed liable plop onto lap cuddle early training socialization harness rottie territorial instinct positive way rottweiler robust working breed great strength descended mastiff roman legion gentle playmate protector within family circle rottie observes outside world self assured aloofness,loyal loving confident guardian,8,55.88,68.58,36.2873896,61.23496995,9.0,10.0,working_group,0.4,weekly_brushing,0.6,seasonal,0.6,regular_exercise,0.6,agreeable,0.4,reserved_with_strangers,157,4,male rottweiler stand anywhere muscular inch shoulder female run bit smaller lighter glistening short black coat smart rust marking add picture imposing strength thickly muscled hindquarter power rottie effortless trotting gait well bred properly raised rottie calm confident courageous unduly aggressive aloof demeanor world class guardian present outsider belies playfulness downright silliness endear rotties loved one one told rottie toy breed liable plop onto lap cuddle early training socialization harness rottie territorial instinct positive way rottweiler robust working breed great strength descended mastiff roman legion gentle playmate protector within family circle rottie observes outside world self assured aloofness loyal loving confident guardian working_group rottweiler weekly_brushing seasonal regular_exercise agreeable reserved_with_strangers
216,russell_terrier,jaunty little fellow pack lot personality compact rectangular body standing inch shoulder dark almond shaped eye mobile v shaped ear bring keenly intelligent expression endearing hallmark breed three coat type mostly white marking tan black russell move free effortless gait announces breed innate confidence upbeat lively inquisitive friendly jaunty russell terrier developed england sporting parson use foxhunt adorable russell terrier look like plush toy come life eager tireless working terrier,alert inquisitive lively,82,25.4,30.48,4.082331330000001,6.80388555,12.0,14.0,terrier_group,0.4,weekly_brushing,0.4,occasional,1.0,needs_lots_of_activity,0.6,agreeable,0.8,friendly,107,3,jaunty little fellow pack lot personality compact rectangular body standing inch shoulder dark almond shaped eye mobile v shaped ear bring keenly intelligent expression endearing hallmark breed three coat type mostly white marking tan black russell move free effortless gait announces breed innate confidence upbeat lively inquisitive friendly jaunty russell terrier developed england sporting parson use foxhunt adorable russell terrier look like plush toy come life eager tireless working terrier alert inquisitive lively terrier_group russell_terrier weekly_brushing occasional needs_lots_of_activity agreeable friendly
217,russian_toy,russian toy toy breed lineage date back russian aristocracy general good natured imp love run play dash house yard chasing toy long keep many others willing nothing lounge lap day long content knowing prize jewel home thrive human companionship let know feeling neglected coat either semi long smooth longhaired variety carry nice ruff chest unique feathering extremity tail ear long coated russian toy adult coat year old full fringing three year age smooth coated variety sleek smooth touch also slight attitude difference two variety smooth coat tend little terrier like long coat however share larger life personality club contact detailsclub russian toy club americaname martha guimondemail secretary russiantoyclub orgaddress p box blanco tx phone russian toy small elegant lively dog long leg fine bone lean muscle active cheerful possessing keen intelligence desire please breed love snuggle close human companion although sometimes slightly aloof stranger neither cowardly aggressive,loyal smart charming,,20.32,27.94,2.948350405,2.948350405,12.0,14.0,miscellaneous_class,0.4,weekly_brushing,0.2,infrequent,0.6,regular_exercise,0.6,agreeable,0.8,friendly,255,3,russian toy toy breed lineage date back russian aristocracy general good natured imp love run play dash house yard chasing toy long keep many others willing nothing lounge lap day long content knowing prize jewel home thrive human companionship let know feeling neglected coat either semi long smooth longhaired variety carry nice ruff chest unique feathering extremity tail ear long coated russian toy adult coat year old full fringing three year age smooth coated variety sleek smooth touch also slight attitude difference two variety smooth coat tend little terrier like long coat however share larger life personality club contact detailsclub russian toy club americaname martha guimondemail secretary russiantoyclub orgaddress p box blanco tx phone russian toy small elegant lively dog long leg fine bone lean muscle active cheerful possessing keen intelligence desire please breed love snuggle close human companion although sometimes slightly aloof stranger neither cowardly aggressive loyal smart charming miscellaneous_class russian_toy weekly_brushing infrequent regular_exercise agreeable friendly
218,russian_tsvetnaya_bolonka,russian tsvetnaya bolonka bolonka short member bichon family almost extinct cold war small companion dog hypoallergenic funny clever beyond word intensely loyal family excellent mimic others content sit door monitor allowed spirited yet easy going sociable russian tsvetnaya bolonka great child although quick alert constant barker early training appropriate behavior fairly independent toy breed require early socialization people however bolonki get along well dog animal clever smart well formal training obedience rally tracking agility trained firm gentle hand russkaya tsvetnaya bolonka translates russian colored lapdog bolonki originally bred ultimate house pet apartment living sweet loving intelligent willing please friendly show sign aggression,playful charming inquisitive,,22.86,25.4,2.0411656650000003,4.9895160700000005,12.0,16.0,foundation_stock_service,0.6,2-3_times_a_week_brushing,0.2,infrequent,0.6,regular_exercise,0.6,agreeable,0.8,friendly,184,3,russian tsvetnaya bolonka bolonka short member bichon family almost extinct cold war small companion dog hypoallergenic funny clever beyond word intensely loyal family excellent mimic others content sit door monitor allowed spirited yet easy going sociable russian tsvetnaya bolonka great child although quick alert constant barker early training appropriate behavior fairly independent toy breed require early socialization people however bolonki get along well dog animal clever smart well formal training obedience rally tracking agility trained firm gentle hand russkaya tsvetnaya bolonka translates russian colored lapdog bolonki originally bred ultimate house pet apartment living sweet loving intelligent willing please friendly show sign aggression playful charming inquisitive foundation_stock_service russian_tsvetnaya_bolonka 2-3_times_a_week_brushing infrequent regular_exercise agreeable friendly
219,saint_bernard,ranked particularly high akc registration genial giant nonetheless among world famous beloved breed saint written standard abounds phrase like powerful extraordinarily muscular imposing massive male stand minimum inch shoulder female smaller delicately built huge head feature wrinkled brow short muzzle dark eye combining give saint intelligent friendly expression welcome sight stranded alpine traveler saint bernard rank high akc registration genial giant swiss alp nonetheless among world famous beloved breed saint famously watchful patient careful child,playful charming inquisitive,48,66.04,76.2,54.4310844,81.6466266,8.0,10.0,working_group,0.4,weekly_brushing,0.6,seasonal,0.6,regular_exercise,0.6,agreeable,0.8,friendly,122,3,ranked particularly high akc registration genial giant nonetheless among world famous beloved breed saint written standard abounds phrase like powerful extraordinarily muscular imposing massive male stand minimum inch shoulder female smaller delicately built huge head feature wrinkled brow short muzzle dark eye combining give saint intelligent friendly expression welcome sight stranded alpine traveler saint bernard rank high akc registration genial giant swiss alp nonetheless among world famous beloved breed saint famously watchful patient careful child playful charming inquisitive working_group saint_bernard weekly_brushing seasonal regular_exercise agreeable friendly
220,saluki,beauty saluki thing wonder thousand year slim leggy strong perfectly balanced like great athlete dancer male stand inch shoulder female much shorter come many color pattern large oval shaped eye warm intelligent saluki highly adaptable able live work climate magnificent animal owning come many special challenge among world oldest breed slim rugged saluki hunting hound king thousand year saluki swift agile sprinter love good chase make gentle dignified independent loyal pet,gentle dignified independent minded,120,58.42,71.12,18.1436948,29.48350405,10.0,17.0,hound_group,0.2,occasional_bath/brush,0.4,occasional,0.8,energetic,0.4,independent,0.4,reserved_with_strangers,124,3,beauty saluki thing wonder thousand year slim leggy strong perfectly balanced like great athlete dancer male stand inch shoulder female much shorter come many color pattern large oval shaped eye warm intelligent saluki highly adaptable able live work climate magnificent animal owning come many special challenge among world oldest breed slim rugged saluki hunting hound king thousand year saluki swift agile sprinter love good chase make gentle dignified independent loyal pet gentle dignified independent minded hound_group saluki occasional_bath/brush occasional energetic independent reserved_with_strangers
221,samoyed,samoyed smiling sledge dog bred hard work world coldest locale siberian town oymyakon instance temperature minus degree common sammy famous white coat thick enough protect brutal condition powerful agile tireless impervious cold sammies drop dead gorgeous highly functional even delightful feature perpetual smile practical function mouth upturned corner keep sammies drooling preventing icicle forming face sammy sentenced solitary confinement yard miserable destructive creature smart social mischievous dog demand love attention sammies need firm loving hand training pack animal must learn early alpha dog alpha dog must samoyed substantial graceful dog standing anywhere bit inch shoulder powerful tireless thick white coat impervious cold sammies perfectly beautiful highly functional even delightful feature perpetual smile practical function upturned corner mouth keep sammies drooling preventing icicle forming face,adaptable friendly gentle,59,48.26,59.69,15.875732950000002,29.48350405,12.0,14.0,working_group,0.6,2-3_times_a_week_brushing,0.6,seasonal,0.8,energetic,0.4,independent,0.8,friendly,198,3,samoyed smiling sledge dog bred hard work world coldest locale siberian town oymyakon instance temperature minus degree common sammy famous white coat thick enough protect brutal condition powerful agile tireless impervious cold sammies drop dead gorgeous highly functional even delightful feature perpetual smile practical function mouth upturned corner keep sammies drooling preventing icicle forming face sammy sentenced solitary confinement yard miserable destructive creature smart social mischievous dog demand love attention sammies need firm loving hand training pack animal must learn early alpha dog alpha dog must samoyed substantial graceful dog standing anywhere bit inch shoulder powerful tireless thick white coat impervious cold sammies perfectly beautiful highly functional even delightful feature perpetual smile practical function upturned corner mouth keep sammies drooling preventing icicle forming face adaptable friendly gentle working_group samoyed 2-3_times_a_week_brushing seasonal energetic independent friendly
222,schapendoes,schapendoes everywhere netherlands late th early th century number dwindled drastically border collie imported breed club nederlandse schapendoes founded schapendoes breed resuscitated schapendoes lightly built long coated medium sized dog movement effortless springy astounding ability jump make excel agility dog sport attentive courageous character intelligent watchful lively friendly high spirited towards people familiar develops great affection loyalty club contact detailsclub schapendoes usa clubemail schapendoes comcast netaddress chandler ave elmhurst il shaggy sheepdog holland also known dutch sheep dog schapendoes cheerful funny clever brave good family pet also strong desire please,friendly watchful lively,,40.64,50.8,11.79340162,24.947580350000003,12.0,15.0,foundation_stock_service,0.4,weekly_brushing,0.6,seasonal,0.6,regular_exercise,0.8,easy_training,0.6,alert/responsive,141,3,schapendoes everywhere netherlands late th early th century number dwindled drastically border collie imported breed club nederlandse schapendoes founded schapendoes breed resuscitated schapendoes lightly built long coated medium sized dog movement effortless springy astounding ability jump make excel agility dog sport attentive courageous character intelligent watchful lively friendly high spirited towards people familiar develops great affection loyalty club contact detailsclub schapendoes usa clubemail schapendoes comcast netaddress chandler ave elmhurst il shaggy sheepdog holland also known dutch sheep dog schapendoes cheerful funny clever brave good family pet also strong desire please friendly watchful lively foundation_stock_service schapendoes weekly_brushing seasonal regular_exercise easy_training alert/responsive
223,schipperke,standing higher inch schipperke small dog built hard work schips created ratter watchdog powerful jaw neck forequarter coupled stealthy catlike hunting style make ideal rat catching machine black coat profuse around neck shoulder leg giving breed silhouette accentuates thick substantial body foxy face completes unique look unique breed tell schipperke ordinary dog simply paying attention schipperke belgium little captain traditional barge dog low country curious lively intense mischievous little black dog robust long lived companion never dull moment,confident alert curious,105,25.4,33.02,4.535923700000001,7.25747792,12.0,14.0,non-sporting_group,0.4,weekly_brushing,0.6,seasonal,0.8,energetic,0.4,independent,0.6,alert/responsive,123,3,standing higher inch schipperke small dog built hard work schips created ratter watchdog powerful jaw neck forequarter coupled stealthy catlike hunting style make ideal rat catching machine black coat profuse around neck shoulder leg giving breed silhouette accentuates thick substantial body foxy face completes unique look unique breed tell schipperke ordinary dog simply paying attention schipperke belgium little captain traditional barge dog low country curious lively intense mischievous little black dog robust long lived companion never dull moment confident alert curious non-sporting_group schipperke weekly_brushing seasonal energetic independent alert/responsive
224,scottish_deerhound,stand back need little distance fully appreciate majesty ancient beast silhouette see noble coursing hound struck classic greyhound template deerhound though much larger substantial greyhound good size male stand inch shoulder weigh pound crisp coat seen several color breed aficionado prefer dark blue gray coat tapered head long neck add extra lift already stately hound crisply coated scottish deerhound royal dog scotland majestically large coursing hound struck ancient greyhound template among tallest dog breed deerhound bred stalk giant wild red deer,gentle dignified polite,158,71.12,81.28,34.01942775,49.895160700000005,8.0,11.0,hound_group,0.2,occasional_bath/brush,0.6,seasonal,0.6,regular_exercise,0.4,independent,0.6,alert/responsive,120,3,stand back need little distance fully appreciate majesty ancient beast silhouette see noble coursing hound struck classic greyhound template deerhound though much larger substantial greyhound good size male stand inch shoulder weigh pound crisp coat seen several color breed aficionado prefer dark blue gray coat tapered head long neck add extra lift already stately hound crisply coated scottish deerhound royal dog scotland majestically large coursing hound struck ancient greyhound template among tallest dog breed deerhound bred stalk giant wild red deer gentle dignified polite hound_group scottish_deerhound occasional_bath/brush seasonal regular_exercise independent alert/responsive
225,scottish_terrier,well known scottie silhouette short legged substantial terrier distinctive furnishing beard leg lower body wiry topcoat soft dense undercoat coat black wheaten yellow brindle stripe pattern bright piercing eye erect ear tail convey keen alertness hallmark britain terrier breed scottie working style described efficient businesslike aloofness toward stranger make excellent watchdog hunting instinct remains strong complicate life neighbor cat scottie known cantankerous around dog bold clever scotsman enjoys brisk walk upbeat play solidly compact dog vivid personality scottish terrier independent confident companion high spirit scottie dignified almost human character terrier persistence earned breed nickname diehard,confident independent spirited,57,25.4,25.4,8.164662660000001,9.97903214,12.0,12.0,terrier_group,0.6,2-3_times_a_week_brushing,0.4,occasional,0.6,regular_exercise,0.4,independent,0.6,alert/responsive,143,3,well known scottie silhouette short legged substantial terrier distinctive furnishing beard leg lower body wiry topcoat soft dense undercoat coat black wheaten yellow brindle stripe pattern bright piercing eye erect ear tail convey keen alertness hallmark britain terrier breed scottie working style described efficient businesslike aloofness toward stranger make excellent watchdog hunting instinct remains strong complicate life neighbor cat scottie known cantankerous around dog bold clever scotsman enjoys brisk walk upbeat play solidly compact dog vivid personality scottish terrier independent confident companion high spirit scottie dignified almost human character terrier persistence earned breed nickname diehard confident independent spirited terrier_group scottish_terrier 2-3_times_a_week_brushing occasional regular_exercise independent alert/responsive
226,sealyham_terrier,standing less inch shoulder weighing pound sealys big enough considered medium sized dog stand among strongest substantial think small dog typical sealy well muscled built low ground move easily long determined stride weatherproof coat predominantly white long broad head furnished lavish facial hair despite rep bruiser among short legged terrier sealys cute funny affectionate outgoing trainable bit stubborn alertness big dog bark make sealys excellent watchdog blessed adaptable nature sealys amenable city dwelling country life sealyham terrier brave spirited spiky smaller terrier sturdy outgoing companion recognized fall mass hair covering forehead sealy fan enjoy dog sly sense humor,alert outgoing sense humor,164,26.67,26.67,10.43262451,10.88621688,12.0,14.0,terrier_group,0.6,2-3_times_a_week_brushing,0.6,seasonal,0.6,regular_exercise,0.4,independent,0.6,alert/responsive,156,5,standing less inch shoulder weighing pound sealys big enough considered medium sized dog stand among strongest substantial think small dog typical sealy well muscled built low ground move easily long determined stride weatherproof coat predominantly white long broad head furnished lavish facial hair despite rep bruiser among short legged terrier sealys cute funny affectionate outgoing trainable bit stubborn alertness big dog bark make sealys excellent watchdog blessed adaptable nature sealys amenable city dwelling country life sealyham terrier brave spirited spiky smaller terrier sturdy outgoing companion recognized fall mass hair covering forehead sealy fan enjoy dog sly sense humor alert outgoing sense humor terrier_group sealyham_terrier 2-3_times_a_week_brushing seasonal regular_exercise independent alert/responsive
227,segugio_italiano,calm responsive intelligent segugio italiano tenacious hunter excellent pet,friendly intelligent eager please,,48.26,58.42,18.1436948,27.2155422,11.0,13.0,foundation_stock_service,0.4,weekly_brushing,0.6,seasonal,0.6,regular_exercise,1.0,eager_to_please,0.6,friendly,15,5,calm responsive intelligent segugio italiano tenacious hunter excellent pet friendly intelligent eager please foundation_stock_service segugio_italiano weekly_brushing seasonal regular_exercise eager_to_please friendly
228,shetland_sheepdog,shetland sheepdog small active agile herding dog standing inch shoulder long coat harsh straight dense undercoat come black blue merle sable white marking coat along long wedge shaped head small three quarter erect ear deep chested level backed torso give shelties look rough coated collie miniature bright eager shelties easy trainer world class competitor obedience agility herding trial sensitive affectionate family dog highly tune mood household like bark tend reserved toward stranger two qualification excellent watchdog shetland sheepdog also known sheltie extremely intelligent quick obedient herder scotland remote rugged shetland island shelties bear strong family resemblance bigger cousin collie,playful energetic bright,25,33.02,40.64,6.80388555,11.33980925,12.0,14.0,herding_group,0.6,2-3_times_a_week_brushing,0.6,seasonal,0.6,regular_exercise,1.0,eager_to_please,0.4,reserved_with_strangers,150,3,shetland sheepdog small active agile herding dog standing inch shoulder long coat harsh straight dense undercoat come black blue merle sable white marking coat along long wedge shaped head small three quarter erect ear deep chested level backed torso give shelties look rough coated collie miniature bright eager shelties easy trainer world class competitor obedience agility herding trial sensitive affectionate family dog highly tune mood household like bark tend reserved toward stranger two qualification excellent watchdog shetland sheepdog also known sheltie extremely intelligent quick obedient herder scotland remote rugged shetland island shelties bear strong family resemblance bigger cousin collie playful energetic bright herding_group shetland_sheepdog 2-3_times_a_week_brushing seasonal regular_exercise eager_to_please reserved_with_strangers
229,shiba_inu,brought america japan recently year ago shibas growing popularity west already popular breed homeland white marking combined coloring red red sesame black tan alert expression smooth stride make almost foxlike sturdy muscular dog bold confident personality match ancient japanese breed shiba inu little well muscled dog employed hunter today spirited good natured shiba popular companion dog japan adaptable shiba home town country,alert active attentive,44,34.29,41.91,7.71107029,10.43262451,13.0,16.0,non-sporting_group,0.4,weekly_brushing,0.6,seasonal,0.6,regular_exercise,0.4,independent,0.4,reserved_with_strangers,106,3,brought america japan recently year ago shibas growing popularity west already popular breed homeland white marking combined coloring red red sesame black tan alert expression smooth stride make almost foxlike sturdy muscular dog bold confident personality match ancient japanese breed shiba inu little well muscled dog employed hunter today spirited good natured shiba popular companion dog japan adaptable shiba home town country alert active attentive non-sporting_group shiba_inu weekly_brushing seasonal regular_exercise independent reserved_with_strangers
230,shih_tzu,shih tzu pronounced west sheed zoo sheet su chinese say sher zer weighing pound standing inch surprisingly solid dog size coat come many color worth time put dog beautiful well groomed shih tzu cute way life lively charmer shih tzu known especially affectionate child small dog bred spend day inside royal palace make great pet live apartment lack big backyard dog live dig hole chase cat shih tzu idea fun sitting lap acting adorable try watch tv face big dark eye looking sweet expression surprise shih tzu owner delighted little lion dog thousand year shih tzu go giggle mischief follow,affectionate playful outgoing,20,22.86,26.67,4.082331330000001,7.25747792,10.0,18.0,toy_group,0.8,daily_brushing,0.2,infrequent,0.6,regular_exercise,0.6,agreeable,0.8,friendly,180,3,shih tzu pronounced west sheed zoo sheet su chinese say sher zer weighing pound standing inch surprisingly solid dog size coat come many color worth time put dog beautiful well groomed shih tzu cute way life lively charmer shih tzu known especially affectionate child small dog bred spend day inside royal palace make great pet live apartment lack big backyard dog live dig hole chase cat shih tzu idea fun sitting lap acting adorable try watch tv face big dark eye looking sweet expression surprise shih tzu owner delighted little lion dog thousand year shih tzu go giggle mischief follow affectionate playful outgoing toy_group shih_tzu daily_brushing infrequent regular_exercise agreeable friendly
231,shikoku,original shikoku kochi ken existed mountain range kochi prefecture island shikoku highly valued matagi japanese hunter tracker game particularly wild boar medium sized dog well balanced well developed clean cut muscle pricked ear curled sickle tail conformation strong well boned compact outer coat rather harsh straight undercoat soft dense hair tail long coat red black tan sesame well mixed color black red white hair shikoku dog marked endurance keen sense naive feeling energetic highly alert enthusiastic hunter docile towards master,energetic alert enthusiastic,,43.18,55.88,15.875732950000002,24.947580350000003,10.0,12.0,foundation_stock_service,0.4,weekly_brushing,0.6,seasonal,0.6,regular_exercise,0.6,agreeable,0.6,friendly,135,3,original shikoku kochi ken existed mountain range kochi prefecture island shikoku highly valued matagi japanese hunter tracker game particularly wild boar medium sized dog well balanced well developed clean cut muscle pricked ear curled sickle tail conformation strong well boned compact outer coat rather harsh straight undercoat soft dense hair tail long coat red black tan sesame well mixed color black red white hair shikoku dog marked endurance keen sense naive feeling energetic highly alert enthusiastic hunter docile towards master energetic alert enthusiastic foundation_stock_service shikoku weekly_brushing seasonal regular_exercise agreeable friendly
232,siberian_husky,graceful medium sized siberian husky almond shaped eye either brown blue sometimes one convey keen amiable even mischievous expression quick nimble footed siberian known powerful seemingly effortless gait tipping scale pound noticeably smaller lighter burly cousin alaskan malamute fact breeder fancier prefer moniker siberian husky latter suggests bigger brawnier dog standard breed born pack dog siberian enjoy family life get well dog innate friendliness render indifferent watchdog breed also energetic resist chasing small animal secure running room must attractive feature breed siberian naturally clean little doggy odor siberian husky thickly coated compact sled dog medium size great endurance developed work pack pulling light load moderate speed vast frozen expanse northern breed friendly fastidious dignified,loyal mischievous outgoing,14,50.8,59.69,15.875732950000002,27.2155422,12.0,14.0,working_group,0.4,weekly_brushing,0.6,seasonal,0.8,energetic,0.4,independent,0.8,friendly,180,3,graceful medium sized siberian husky almond shaped eye either brown blue sometimes one convey keen amiable even mischievous expression quick nimble footed siberian known powerful seemingly effortless gait tipping scale pound noticeably smaller lighter burly cousin alaskan malamute fact breeder fancier prefer moniker siberian husky latter suggests bigger brawnier dog standard breed born pack dog siberian enjoy family life get well dog innate friendliness render indifferent watchdog breed also energetic resist chasing small animal secure running room must attractive feature breed siberian naturally clean little doggy odor siberian husky thickly coated compact sled dog medium size great endurance developed work pack pulling light load moderate speed vast frozen expanse northern breed friendly fastidious dignified loyal mischievous outgoing working_group siberian_husky weekly_brushing seasonal energetic independent friendly
233,silky_terrier,small fragile feisty yappy pretty sculpted silkys inch tall dynamo animated curiosity high spirit glorious blue tan coat straight glossy feel behaves much like human hair wedge shaped head topped profuse hair parted middle erect v shaped ear draw attention keen piercing expression almond shaped eye silkys refined typical ratting terrier still look behave like true earthdog charming member akc toy group compact glossy coated silky terrier nonetheless true terrier energetic high spirit silky native sydney australia larger close cousin yorkshire terrier,friendly quick keenly alert,112,22.86,25.4,4.535923700000001,4.535923700000001,13.0,15.0,toy_group,0.6,2-3_times_a_week_brushing,0.4,occasional,0.6,regular_exercise,0.6,agreeable,0.6,alert/responsive,123,4,small fragile feisty yappy pretty sculpted silkys inch tall dynamo animated curiosity high spirit glorious blue tan coat straight glossy feel behaves much like human hair wedge shaped head topped profuse hair parted middle erect v shaped ear draw attention keen piercing expression almond shaped eye silkys refined typical ratting terrier still look behave like true earthdog charming member akc toy group compact glossy coated silky terrier nonetheless true terrier energetic high spirit silky native sydney australia larger close cousin yorkshire terrier friendly quick keenly alert toy_group silky_terrier 2-3_times_a_week_brushing occasional regular_exercise agreeable alert/responsive
234,skye_terrier,long low level unique earthdog among akc distinctive looking breed skyes stand inch high feature long flat lying coat peekaboo hairdo known big feathery ear stand like bat wing skyes also drop ear lie flat large long head beneath profuse coat short muscular leg deep chest seen profile elegant substantial terrier twice long high heavenly breed heart lion long low level skye terrier among akc distinctive looking breed elegant sturdy aristocrat bred exterminator scotland remote isle skye,courageous good tempered canny,178,24.13,25.4,15.875732950000002,20.41165665,12.0,14.0,terrier_group,0.8,daily_brushing,0.6,seasonal,0.6,regular_exercise,0.4,independent,0.4,reserved_with_strangers,125,3,long low level unique earthdog among akc distinctive looking breed skyes stand inch high feature long flat lying coat peekaboo hairdo known big feathery ear stand like bat wing skyes also drop ear lie flat large long head beneath profuse coat short muscular leg deep chest seen profile elegant substantial terrier twice long high heavenly breed heart lion long low level skye terrier among akc distinctive looking breed elegant sturdy aristocrat bred exterminator scotland remote isle skye courageous good tempered canny terrier_group skye_terrier daily_brushing seasonal regular_exercise independent reserved_with_strangers
235,sloughi,sloughi sloo ghee classically constructed sighthound ancient lineage originally bred work game hare fox jackal gazelle wild pig punishing terrain homeland lean frill hound standing inch shoulder coat color include shade light sand mahogany red fawn without brindling without black marking invasive white marking sloughi big dark eye often described melancholy ancient sloughi nicknamed arabian greyhound lean swift coursing hound hunted variety game north african desert classic sighthound sloughi regally aloof stranger gentle loved one,reserved graceful noble,192,60.96,73.66,15.875732950000002,22.6796185,10.0,15.0,hound_group,0.4,weekly_brushing,0.2,infrequent,0.6,regular_exercise,0.4,independent,0.4,reserved_with_strangers,120,3,sloughi sloo ghee classically constructed sighthound ancient lineage originally bred work game hare fox jackal gazelle wild pig punishing terrain homeland lean frill hound standing inch shoulder coat color include shade light sand mahogany red fawn without brindling without black marking invasive white marking sloughi big dark eye often described melancholy ancient sloughi nicknamed arabian greyhound lean swift coursing hound hunted variety game north african desert classic sighthound sloughi regally aloof stranger gentle loved one reserved graceful noble hound_group sloughi weekly_brushing infrequent regular_exercise independent reserved_with_strangers
236,slovakian_wirehaired_pointer,slovakian wirehaired pointer dog moderate strength working type nobleness line basic color coat called grey hair harsh hard must fit able work plain wood water especially work shooting searching retrieving wounded game obedient easy train slovakian wirehaired pointer dog moderate strength working type nobleness line,,,57.15,67.31,22.6796185,29.48350405,12.0,15.0,foundation_stock_service,0.2,occasional_bath/brush,0.4,occasional,0.8,energetic,0.4,independent,1.0,outgoing,86,1,slovakian wirehaired pointer dog moderate strength working type nobleness line basic color coat called grey hair harsh hard must fit able work plain wood water especially work shooting searching retrieving wounded game obedient easy train slovakian wirehaired pointer dog moderate strength working type nobleness line  foundation_stock_service slovakian_wirehaired_pointer occasional_bath/brush occasional energetic independent outgoing
237,slovensky_cuvac,slovensky cuvac breed characteristic conform type mountain dog firm constitution impressive appearance thick white coat strong bone lively temperament vigilant fearless alert century accustomed harsh climate slovakian mountain especially tatra mountain vigilance alertness helped give name slovak word cuvat mean hear slovensky cuvac boundlessly faithful courageous always ready fight intruder even bear wolf order distinguish wild animal night according ancient tradition bred white,courageous alert faithful,,58.42,69.85,30.84428116,43.99845989,11.0,13.0,foundation_stock_service,0.4,weekly_brushing,0.8,regularly,0.4,calm,0.6,agreeable,0.6,friendly,117,3,slovensky cuvac breed characteristic conform type mountain dog firm constitution impressive appearance thick white coat strong bone lively temperament vigilant fearless alert century accustomed harsh climate slovakian mountain especially tatra mountain vigilance alertness helped give name slovak word cuvat mean hear slovensky cuvac boundlessly faithful courageous always ready fight intruder even bear wolf order distinguish wild animal night according ancient tradition bred white courageous alert faithful foundation_stock_service slovensky_cuvac weekly_brushing regularly calm agreeable friendly
238,slovensky_kopov,also known slovakian hound slovak hound slovensky kopov medium sized scent hound relatively light solid build coat medium coarseness close fitting dense always solid black tan marking extremely intelligent breed excellent sense smell direction known dominates world hunting endurance character great courage club contact detailsname vladimir skalaaddress n lockwood ave chicago il spirited persistent hunter follow scent hour slovensky kopov hardy hardworking breed also known courage great endurance originally developed hunt wild boar,courageous alert determined,,40.64,50.8,14.968548210000002,19.95806428,12.0,13.0,foundation_stock_service,0.2,occasional_bath/brush,0.6,seasonal,0.6,regular_exercise,0.6,agreeable,0.6,friendly,118,3,also known slovakian hound slovak hound slovensky kopov medium sized scent hound relatively light solid build coat medium coarseness close fitting dense always solid black tan marking extremely intelligent breed excellent sense smell direction known dominates world hunting endurance character great courage club contact detailsname vladimir skalaaddress n lockwood ave chicago il spirited persistent hunter follow scent hour slovensky kopov hardy hardworking breed also known courage great endurance originally developed hunt wild boar courageous alert determined foundation_stock_service slovensky_kopov occasional_bath/brush seasonal regular_exercise agreeable friendly
239,small_munsterlander_pointer,small munsterlander intelligent capable learning full even temperament steady character alert friendly towards people make suitable family life good social behavior keep close contact master passionate persevering predatory instinct versatile hunting aptitude strong nerve keenness game make extremely adept hunting companion season small munsterlanders also used agility obedience retrieving hunting test trial small munsterlanders strong pack instinct thrive outdoor oriented family house often found sleeping near foot master native country germany kleiner münsterländer club contact detailsclub small munsterlander club north americaname mark schnubel presidentemail president smcna orgphone small munsterlander versatile hunting dog natural retriever medium range solid pointing instinct strong desire water excellent tracking ability type work shot quality enhanced intelligence trainability,intelligent devoted self confident,,52.07,53.34,18.1436948,27.2155422,12.0,14.0,foundation_stock_service,0.2,occasional_bath/brush,0.6,seasonal,1.0,needs_lots_of_activity,0.6,agreeable,0.8,friendly,188,3,small munsterlander intelligent capable learning full even temperament steady character alert friendly towards people make suitable family life good social behavior keep close contact master passionate persevering predatory instinct versatile hunting aptitude strong nerve keenness game make extremely adept hunting companion season small munsterlanders also used agility obedience retrieving hunting test trial small munsterlanders strong pack instinct thrive outdoor oriented family house often found sleeping near foot master native country germany kleiner münsterländer club contact detailsclub small munsterlander club north americaname mark schnubel presidentemail president smcna orgphone small munsterlander versatile hunting dog natural retriever medium range solid pointing instinct strong desire water excellent tracking ability type work shot quality enhanced intelligence trainability intelligent devoted self confident foundation_stock_service small_munsterlander_pointer occasional_bath/brush seasonal needs_lots_of_activity agreeable friendly
240,smooth_fox_terrier,smooth quite similar close relative wire fox terrier like crispy coated cousin smooth stand inch shoulder distinguishing physical trait besides coat type head smooth head v shaped wire dense flat coat predominantly white black tan black tan marking cleverly made hunter strong sturdy never coarse clunky short backed symmetrical move unwavering grace pendulum clock smooth fox terrier called gentleman terrier world lively gregarious terrier devil may care attitude originally developed britain traditional foxhunt close relative wire fox terrier,friendly independent amusing,123,38.1,38.1,6.80388555,8.164662660000001,12.0,15.0,terrier_group,0.4,weekly_brushing,0.4,occasional,0.8,energetic,0.6,agreeable,0.8,friendly,117,3,smooth quite similar close relative wire fox terrier like crispy coated cousin smooth stand inch shoulder distinguishing physical trait besides coat type head smooth head v shaped wire dense flat coat predominantly white black tan black tan marking cleverly made hunter strong sturdy never coarse clunky short backed symmetrical move unwavering grace pendulum clock smooth fox terrier called gentleman terrier world lively gregarious terrier devil may care attitude originally developed britain traditional foxhunt close relative wire fox terrier friendly independent amusing terrier_group smooth_fox_terrier weekly_brushing occasional energetic agreeable friendly
241,soft_coated_wheaten_terrier,hallmark merry extrovert set apart terrier silky gently waving coat run pale beige shimmering gold recalling color ripening wheat topping inch tall pound wheatens square sturdy terrier peek boo hairdo dashing goatee overall picture hard muscled soft coated working terrier breed described iron fist velvet glove soft coated wheaten terrier exuberant irish farm dog happy friendly deeply devoted stubborn enough remind terrier unique wheaten coat low shedding need diligent care avoid matting,friendly happy deeply devoted,53,43.18,48.26,13.6077711,18.1436948,12.0,14.0,terrier_group,0.6,2-3_times_a_week_brushing,0.2,infrequent,0.8,energetic,0.4,independent,0.6,alert/responsive,121,4,hallmark merry extrovert set apart terrier silky gently waving coat run pale beige shimmering gold recalling color ripening wheat topping inch tall pound wheatens square sturdy terrier peek boo hairdo dashing goatee overall picture hard muscled soft coated working terrier breed described iron fist velvet glove soft coated wheaten terrier exuberant irish farm dog happy friendly deeply devoted stubborn enough remind terrier unique wheaten coat low shedding need diligent care avoid matting friendly happy deeply devoted terrier_group soft_coated_wheaten_terrier 2-3_times_a_week_brushing infrequent energetic independent alert/responsive
242,spanish_mastiff,spanish mastiff dog great size well balanced powerful muscular massive head body covered medium length coat bark raucous low pitched deep sonorous audible considerable distance spanish mastiff come range coat color including black fawn red gray yellow seen brindle white marking used guarding defense breed closely related seasonal moving livestock especially merino livestock accompanied time mesta middle age association sheep rancher journeyed seasonally distant location find grazing pasture spanish mastiff charge defending wolf predator throughout travel either sedentary wandering performs way farm people property general club contact detailsname anne goetzemail centurianmastini rocketmail comphone spanish mastiff intelligent dog without beauty whose expression manifest quality rustic affectionate kind noble determined facing dangerous animal front stranger especially opportunity defend protect farm cattle behaviour one see dog sure determining strength aware enormous power,affectionate intelligent kind,,71.12,88.9,63.502931800000006,90.718474,10.0,12.0,foundation_stock_service,0.4,weekly_brushing,0.6,seasonal,0.4,calm,0.6,agreeable,0.6,friendly,232,3,spanish mastiff dog great size well balanced powerful muscular massive head body covered medium length coat bark raucous low pitched deep sonorous audible considerable distance spanish mastiff come range coat color including black fawn red gray yellow seen brindle white marking used guarding defense breed closely related seasonal moving livestock especially merino livestock accompanied time mesta middle age association sheep rancher journeyed seasonally distant location find grazing pasture spanish mastiff charge defending wolf predator throughout travel either sedentary wandering performs way farm people property general club contact detailsname anne goetzemail centurianmastini rocketmail comphone spanish mastiff intelligent dog without beauty whose expression manifest quality rustic affectionate kind noble determined facing dangerous animal front stranger especially opportunity defend protect farm cattle behaviour one see dog sure determining strength aware enormous power affectionate intelligent kind foundation_stock_service spanish_mastiff weekly_brushing seasonal calm agreeable friendly
243,spanish_water_dog,unique look inexhaustible worker begin coat naturally curly wooly head toe grown often form tight tapered cord full coat facial hair cover expressive brown eye color black brown beige white particolor black brown beige white rustic word often used describe overall look sturdy dog medium size male stand little inch shoulder inexhaustible spanish water dog dual purpose breed whose hallmark coat wooly curl used herder waterfowl retriever homeland rustic charmer lively family companion vigilant watchdog,playful also work oriented active upbeat,153,40.005,50.165,14.06136347,22.22602613,12.0,14.0,herding_group,1.0,specialty/professional,0.2,infrequent,0.8,energetic,1.0,eager_to_please,0.4,reserved_with_strangers,123,8,unique look inexhaustible worker begin coat naturally curly wooly head toe grown often form tight tapered cord full coat facial hair cover expressive brown eye color black brown beige white particolor black brown beige white rustic word often used describe overall look sturdy dog medium size male stand little inch shoulder inexhaustible spanish water dog dual purpose breed whose hallmark coat wooly curl used herder waterfowl retriever homeland rustic charmer lively family companion vigilant watchdog playful also work oriented active upbeat herding_group spanish_water_dog specialty/professional infrequent energetic eager_to_please reserved_with_strangers
244,spinone_italiano,spinone italiano plural spinoni italiani squarely solidly built around hunter spinoni muscular powerful built endurance speed dense coat natural unclippered look come various color pattern face conveys breed abundant old world charm soft sweetly expressive eye set shaggy eyebrow tufted beard many heart italy making new conquest america every day spinone italiano densely coated hunting dog sociable docile patient sometimes stubborn always endearing ancient italian lineage spinone among field dog continental europe famed versatility,sociable patient docile,109,55.88,68.58,15.875732950000002,24.947580350000003,10.0,12.0,sporting_group,0.4,weekly_brushing,0.6,seasonal,0.8,energetic,0.6,agreeable,0.6,alert/responsive,113,3,spinone italiano plural spinoni italiani squarely solidly built around hunter spinoni muscular powerful built endurance speed dense coat natural unclippered look come various color pattern face conveys breed abundant old world charm soft sweetly expressive eye set shaggy eyebrow tufted beard many heart italy making new conquest america every day spinone italiano densely coated hunting dog sociable docile patient sometimes stubborn always endearing ancient italian lineage spinone among field dog continental europe famed versatility sociable patient docile sporting_group spinone_italiano weekly_brushing seasonal energetic agreeable alert/responsive
245,stabyhoun,stabyhoun independent nature deliberately bred characteristic farmer wanted dog could hunt independently mole rabbit propensity still see today therefore upset look prey independently example dig garden proper guidance staby gentle dog great friend life stabys also inquisitive always pay attention stabyhoun inquisitive nature quickly get trouble think staby sit quietly something happens often disappointed although stabys make lot noise something wrong alert owner generally expect owner investigate accept thing normal stabys need verify surprise store calming breed functional powerfully built pointing dog originated netherlands majority stabyhouns black white brown white coloring seen netherlands orange white stabyhoun nearly extinct staby build greater length height similarly head show length width feathering chest collar foreleg trouser tail give staby impression longhaired coat excessively long stabyhoun considered around dog ability hunting retrieving pointing also ideal family dog size affectionate character club contact detailsclub ameri stabyhoun associationname susie niesemail akcrep stabyhouns orgaddress n cumnor ave glen ellyn il phone although occasionally somewhat willful nature stabyhouns obedient gentle patient dog deeply fond family wanting please owner soft mouthed retriever pointer particularly useful hunting duck upland bird fine retriever water work one fortes sharp eyed owns good sense smell aptitude work fast efficiently,intelligent responsive loving,,48.26,53.34,18.1436948,27.2155422,13.0,15.0,foundation_stock_service,0.2,occasional_bath/brush,0.6,seasonal,0.8,energetic,0.8,easy_training,0.6,alert/responsive,360,3,stabyhoun independent nature deliberately bred characteristic farmer wanted dog could hunt independently mole rabbit propensity still see today therefore upset look prey independently example dig garden proper guidance staby gentle dog great friend life stabys also inquisitive always pay attention stabyhoun inquisitive nature quickly get trouble think staby sit quietly something happens often disappointed although stabys make lot noise something wrong alert owner generally expect owner investigate accept thing normal stabys need verify surprise store calming breed functional powerfully built pointing dog originated netherlands majority stabyhouns black white brown white coloring seen netherlands orange white stabyhoun nearly extinct staby build greater length height similarly head show length width feathering chest collar foreleg trouser tail give staby impression longhaired coat excessively long stabyhoun considered around dog ability hunting retrieving pointing also ideal family dog size affectionate character club contact detailsclub ameri stabyhoun associationname susie niesemail akcrep stabyhouns orgaddress n cumnor ave glen ellyn il phone although occasionally somewhat willful nature stabyhouns obedient gentle patient dog deeply fond family wanting please owner soft mouthed retriever pointer particularly useful hunting duck upland bird fine retriever water work one fortes sharp eyed owns good sense smell aptitude work fast efficiently intelligent responsive loving foundation_stock_service stabyhoun occasional_bath/brush seasonal energetic easy_training alert/responsive
246,staffordshire_bull_terrier,inch staffordshire bull terrier stand particularly tall weighing anywhere pound pour gallon dog quart size container rock solid muscular terrier head short broad pronounced cheek muscle tight fitting coat come several color staffordshire bull terrier still resemble pugnacious brawler ruled england fighting pit today responsible breeder producing sweet natured family oriented dog reputation patient kid true blue loyal companion old fighting instinct still lurks within making vital pup socialized dog learn good canine manner brawling past muscular agile staffordshire bull terrier retains trait courage tenacity happily good breeding transformed former gladiator mild playful companion special feel kid,clever brave tenacious,80,35.56,40.64,10.88621688,17.23651006,12.0,14.0,terrier_group,0.4,weekly_brushing,0.4,occasional,0.8,energetic,0.2,may_be_stubborn,0.8,friendly,147,3,inch staffordshire bull terrier stand particularly tall weighing anywhere pound pour gallon dog quart size container rock solid muscular terrier head short broad pronounced cheek muscle tight fitting coat come several color staffordshire bull terrier still resemble pugnacious brawler ruled england fighting pit today responsible breeder producing sweet natured family oriented dog reputation patient kid true blue loyal companion old fighting instinct still lurks within making vital pup socialized dog learn good canine manner brawling past muscular agile staffordshire bull terrier retains trait courage tenacity happily good breeding transformed former gladiator mild playful companion special feel kid clever brave tenacious terrier_group staffordshire_bull_terrier weekly_brushing occasional energetic may_be_stubborn friendly
247,standard_schnauzer,medium sized dog weighing pound standard schnauzer truly standard schnauzer larger miniature smaller giant schnauzer three size share several breed hallmark wiry tight fitting coat pure black pepper salt robust square built frame elongated head furnished arched eyebrow bristly whisker framing eye gleaming keen intelligence standard sociable companion alert watchdog enthusiastic backyard squirrel chaser good kid protective loved one approached firm gentle hand standard train beautifully owner must provide outlet dog upbeat athleticism highly developed sens bold bewhiskered standard schnauzer high spirited farm dog germany sometimes willful ever reliable medium sized member schnauzer family breed standard sporty look canine classic,fearless smart spirited,89,44.45,49.53,13.6077711,22.6796185,13.0,16.0,working_group,0.6,2-3_times_a_week_brushing,0.2,infrequent,0.6,regular_exercise,0.4,independent,0.8,friendly,141,3,medium sized dog weighing pound standard schnauzer truly standard schnauzer larger miniature smaller giant schnauzer three size share several breed hallmark wiry tight fitting coat pure black pepper salt robust square built frame elongated head furnished arched eyebrow bristly whisker framing eye gleaming keen intelligence standard sociable companion alert watchdog enthusiastic backyard squirrel chaser good kid protective loved one approached firm gentle hand standard train beautifully owner must provide outlet dog upbeat athleticism highly developed sens bold bewhiskered standard schnauzer high spirited farm dog germany sometimes willful ever reliable medium sized member schnauzer family breed standard sporty look canine classic fearless smart spirited working_group standard_schnauzer 2-3_times_a_week_brushing infrequent regular_exercise independent friendly
248,sussex_spaniel,sussex long low built bird dog great strength endurance topping inch tall shoulder sussex nonetheless described massive deep chest heavy bone trademark abundant feathery coat rich golden liver classic spaniel head wavy coated ear big hazel eye project somber frowning expression delightfully odds sussex innate cheerfulness placid affectionate even tempered true blue loyal word used describe sussex spaniel slow steady hunter congenial housedog frowning expression delightfully odds typically cheerful nature,friendly merry even tempered,180,33.02,38.1,15.875732950000002,20.41165665,13.0,15.0,sporting_group,0.6,2-3_times_a_week_brushing,0.6,seasonal,0.6,regular_exercise,0.4,independent,0.4,reserved_with_strangers,102,3,sussex long low built bird dog great strength endurance topping inch tall shoulder sussex nonetheless described massive deep chest heavy bone trademark abundant feathery coat rich golden liver classic spaniel head wavy coated ear big hazel eye project somber frowning expression delightfully odds sussex innate cheerfulness placid affectionate even tempered true blue loyal word used describe sussex spaniel slow steady hunter congenial housedog frowning expression delightfully odds typically cheerful nature friendly merry even tempered sporting_group sussex_spaniel 2-3_times_a_week_brushing seasonal regular_exercise independent reserved_with_strangers
249,swedish_lapphund,swedish lapphunds make wonderful family companion thrive included activity human pack lively intelligent medium sized spitz versatile playful energetic pooch although generally considered medium high energy breed capable relaxing chilling appropriate aka lappie switch alert friendly also independent minded stubborn breed retains guarding herding trait alertness attention getting barking swedish lappie eager please work suited rally agility herding scent work companion event club contact detailsname patricia arfstenemail parfsten yahoo com lively alert kind affectionate lapphund receptive attentive willing work ability good herding dog made useful reindeer trade versatile suitable obedience training agility herding tracking etc easy train full endurance toughness,playful intelligent lively,,40.64,50.8,13.6077711,20.41165665,12.0,14.0,foundation_stock_service,0.4,weekly_brushing,0.6,seasonal,0.6,regular_exercise,0.2,may_be_stubborn,0.6,alert/responsive,159,3,swedish lapphunds make wonderful family companion thrive included activity human pack lively intelligent medium sized spitz versatile playful energetic pooch although generally considered medium high energy breed capable relaxing chilling appropriate aka lappie switch alert friendly also independent minded stubborn breed retains guarding herding trait alertness attention getting barking swedish lappie eager please work suited rally agility herding scent work companion event club contact detailsname patricia arfstenemail parfsten yahoo com lively alert kind affectionate lapphund receptive attentive willing work ability good herding dog made useful reindeer trade versatile suitable obedience training agility herding tracking etc easy train full endurance toughness playful intelligent lively foundation_stock_service swedish_lapphund weekly_brushing seasonal regular_exercise may_be_stubborn alert/responsive
250,swedish_vallhund,thick sable coat sturdy construction overall frill look vallhunds timeless breed comfortable suburban backyard prow viking longships year ago lively herder built long low ground quite exaggerated fashion distant cousin corgi idea build make easier nip heel cattle avoid kick head balance power smooth movement breed hallmark long low swedish vallhund viking dog ancient legend smart sociable herder dense coat boundless energy rugged cattle dog known zest life unique vocalization cheerful demeanor,friendly energetic watchful,169,29.21,34.925,9.0718474,15.875732950000002,12.0,15.0,herding_group,0.2,occasional_bath/brush,0.6,seasonal,1.0,needs_lots_of_activity,1.0,eager_to_please,0.8,friendly,128,3,thick sable coat sturdy construction overall frill look vallhunds timeless breed comfortable suburban backyard prow viking longships year ago lively herder built long low ground quite exaggerated fashion distant cousin corgi idea build make easier nip heel cattle avoid kick head balance power smooth movement breed hallmark long low swedish vallhund viking dog ancient legend smart sociable herder dense coat boundless energy rugged cattle dog known zest life unique vocalization cheerful demeanor friendly energetic watchful herding_group swedish_vallhund occasional_bath/brush seasonal needs_lots_of_activity eager_to_please friendly
251,taiwan_dog,taiwan dog intuitive nature connection master likely honed generation collaboratively hunting small game mountain also mean extremely responsive command easily trained breed reserved towards stranger fearless protecting family therefore socialization taiwan dog necessary mediate strong instinct protect master family integral part family household outside dog excel daily interaction socialization club contact detailsclub taiwan dog club americaaddress po box chino hill ca email info taiwandog org taiwan dog extremely faithful master keen sense alert movement bold fearless medium sized dog triangular head almond shaped eye thin pricked ear sickle tail,loyal versatile intelligent,,43.18,50.8,11.79340162,18.1436948,9.0,13.0,foundation_stock_service,0.4,weekly_brushing,0.6,seasonal,1.0,needs_lots_of_activity,0.8,easy_training,0.4,reserved_with_strangers,145,3,taiwan dog intuitive nature connection master likely honed generation collaboratively hunting small game mountain also mean extremely responsive command easily trained breed reserved towards stranger fearless protecting family therefore socialization taiwan dog necessary mediate strong instinct protect master family integral part family household outside dog excel daily interaction socialization club contact detailsclub taiwan dog club americaaddress po box chino hill ca email info taiwandog org taiwan dog extremely faithful master keen sense alert movement bold fearless medium sized dog triangular head almond shaped eye thin pricked ear sickle tail loyal versatile intelligent foundation_stock_service taiwan_dog weekly_brushing seasonal needs_lots_of_activity easy_training reserved_with_strangers
252,teddy_roosevelt_terrier,teddy roosevelt terrier delightful companion home learn quickly ready activity owner engage still keep family farm home free rat mouse job bred also excel companion sport agility obedience get along dog without belligerence retained prey drive without obsessive compulsion end day love nothing better share love companionship owner teddy adapt pretty much lifestyle whether show conformation ring work agility trial want great companion home farm small medium size make suitable apartment living well loyal active playful breed best member human family club contact detailsclub american teddy roosevelt terrier clubname kaye stevenson presidentemail americantrtclub gmail comaddress donna dr montgomery al teddy roosevelt terrier lively friendly affectionate dog family somewhat one person dog strong protective nature well developed pack instinct teddy roosevelt terrier get along well child raised cat dog bold tenacious hunter seemingly unlimited energy whose size endurance make excellent hunter squirrel vermin,playful versatile intelligent,,20.32,38.1,3.62873896,11.33980925,14.0,16.0,miscellaneous_class,0.4,weekly_brushing,0.6,seasonal,0.8,energetic,1.0,eager_to_please,0.8,friendly,239,3,teddy roosevelt terrier delightful companion home learn quickly ready activity owner engage still keep family farm home free rat mouse job bred also excel companion sport agility obedience get along dog without belligerence retained prey drive without obsessive compulsion end day love nothing better share love companionship owner teddy adapt pretty much lifestyle whether show conformation ring work agility trial want great companion home farm small medium size make suitable apartment living well loyal active playful breed best member human family club contact detailsclub american teddy roosevelt terrier clubname kaye stevenson presidentemail americantrtclub gmail comaddress donna dr montgomery al teddy roosevelt terrier lively friendly affectionate dog family somewhat one person dog strong protective nature well developed pack instinct teddy roosevelt terrier get along well child raised cat dog bold tenacious hunter seemingly unlimited energy whose size endurance make excellent hunter squirrel vermin playful versatile intelligent miscellaneous_class teddy_roosevelt_terrier weekly_brushing seasonal energetic eager_to_please friendly
253,thai_ridgeback,thai ridgeback muscular medium sized dog streamlined body make agile natural athlete ridge back formed hair growing opposite direction rest coat breed different ridge pattern puppy born without ridge coat color include solid blue black red fawn black mask occasionally red coated dog thai ridgebacks also spotted tongue even come solid black blue tongue today ridgebacks companion dog still maintain many instinct job bred hunting guarding independent self sufficient hunt food gave strong survival instinct high prey drive high level intelligence well bred properly socialized thai ridgeback loyal loving pet guarding breed naturally protective home reserved suspicious stranger thai ridgebacks need patient consistent experienced owner good understanding dog behavior first time dog owner club contact detailsclub association thai ridgeback owner fanciersname cathleen comb presidentemail bellehoundsk aol comaddress po box dry ridge ky phone facebook link thai ridgeback tough active excellent jumping ability highly intelligent strong survival instinct loyal family dog,loyal independent agile,,50.8,60.96,15.875732950000002,34.01942775,12.0,13.0,foundation_stock_service,0.2,occasional_bath/brush,0.6,seasonal,0.8,energetic,0.4,independent,0.4,reserved_with_strangers,252,3,thai ridgeback muscular medium sized dog streamlined body make agile natural athlete ridge back formed hair growing opposite direction rest coat breed different ridge pattern puppy born without ridge coat color include solid blue black red fawn black mask occasionally red coated dog thai ridgebacks also spotted tongue even come solid black blue tongue today ridgebacks companion dog still maintain many instinct job bred hunting guarding independent self sufficient hunt food gave strong survival instinct high prey drive high level intelligence well bred properly socialized thai ridgeback loyal loving pet guarding breed naturally protective home reserved suspicious stranger thai ridgebacks need patient consistent experienced owner good understanding dog behavior first time dog owner club contact detailsclub association thai ridgeback owner fanciersname cathleen comb presidentemail bellehoundsk aol comaddress po box dry ridge ky phone facebook link thai ridgeback tough active excellent jumping ability highly intelligent strong survival instinct loyal family dog loyal independent agile foundation_stock_service thai_ridgeback occasional_bath/brush seasonal energetic independent reserved_with_strangers
254,tibetan_mastiff,coming face face ancient behemoth intruder good likely move easier picking tm stand inch shoulder weigh well pound impossible discus breed without leaning word like powerful muscular massive substantial yet tm quite light footed meet perceived threat surprising agility broad head high set v shaped ear expressive brown eye project noble sagacious expression watchful aloof imposing intimidating ancient tibetan mastiff guardian dog supreme densely coated giant mellow calm around house sweetly devoted family aloof territorial stranger,independent reserved intelligent,131,60.96,66.04,31.751465900000003,68.0388555,10.0,12.0,working_group,0.6,2-3_times_a_week_brushing,0.6,seasonal,0.6,regular_exercise,0.4,independent,0.6,alert/responsive,117,3,coming face face ancient behemoth intruder good likely move easier picking tm stand inch shoulder weigh well pound impossible discus breed without leaning word like powerful muscular massive substantial yet tm quite light footed meet perceived threat surprising agility broad head high set v shaped ear expressive brown eye project noble sagacious expression watchful aloof imposing intimidating ancient tibetan mastiff guardian dog supreme densely coated giant mellow calm around house sweetly devoted family aloof territorial stranger independent reserved intelligent working_group tibetan_mastiff 2-3_times_a_week_brushing seasonal regular_exercise independent alert/responsive
255,tibetan_spaniel,blunt muzzle big expressive eye lion mane around neck plumed tail elegantly curving back distinctly tibetan spaniel western sense like cocker cavalier instead tibbies recall ancient tradition produced peke pug lhasa unmistakably asian breed tibbies stand inch shoulder move quickly purpose seen coat many color combination frisky curious tibetan spaniel bred age ago sentinel work wall tibetan monastery known flat silky coat lion mane around neck tibbie form tight worshipful bond human,playful bright self confident,119,25.4,25.4,4.082331330000001,6.80388555,12.0,15.0,non-sporting_group,0.4,weekly_brushing,0.6,seasonal,0.4,calm,0.6,agreeable,0.6,alert/responsive,120,3,blunt muzzle big expressive eye lion mane around neck plumed tail elegantly curving back distinctly tibetan spaniel western sense like cocker cavalier instead tibbies recall ancient tradition produced peke pug lhasa unmistakably asian breed tibbies stand inch shoulder move quickly purpose seen coat many color combination frisky curious tibetan spaniel bred age ago sentinel work wall tibetan monastery known flat silky coat lion mane around neck tibbie form tight worshipful bond human playful bright self confident non-sporting_group tibetan_spaniel weekly_brushing seasonal calm agreeable alert/responsive
256,tibetan_terrier,bearing passing resemblance smaller cousin lhasa apso tibetan terrier reside lower end medium sized breed standing inch shoulder weighing pound breed hallmark beautiful profuse double coat wooly underneath long fine topcoat tt unique among dog large flat snowshoe foot adapted century help negotiate snowy mountainous terrain homeland tibetan terrier holy dog tibet ancient watchdog companion long associated buddhist monastery profusely coated small medium sized dog snowshoe foot tt affectionate sensitive clever,affectionate loyal sensitive,96,35.56,43.18,8.164662660000001,13.6077711,15.0,16.0,non-sporting_group,0.6,2-3_times_a_week_brushing,0.6,seasonal,0.8,energetic,0.4,independent,0.4,reserved_with_strangers,109,3,bearing passing resemblance smaller cousin lhasa apso tibetan terrier reside lower end medium sized breed standing inch shoulder weighing pound breed hallmark beautiful profuse double coat wooly underneath long fine topcoat tt unique among dog large flat snowshoe foot adapted century help negotiate snowy mountainous terrain homeland tibetan terrier holy dog tibet ancient watchdog companion long associated buddhist monastery profusely coated small medium sized dog snowshoe foot tt affectionate sensitive clever affectionate loyal sensitive non-sporting_group tibetan_terrier 2-3_times_a_week_brushing seasonal energetic independent reserved_with_strangers
257,tornjak,tornjak also known bosnian herzegovinian croatian shepherd dog large powerful dog well proportioned agile shape body almost square standing moving strong harmonious well balanced coat long thick according study tornjak likely descendant tibetan mastiff area modern day iran environment created healthy strong watchdog modest need food shelter tornjaks friendly people aggressive towards animal dog threaten owner home sheep pen flock like work take command readily owner tornjak steady disposition friendly courageous obedient intelligent full dignity self confidence fierce guarding property entrusted bribed suspicious stranger devoted master calm presence affectionate towards people living immediate vicinity,friendly courageous intelligent,,58.42,71.12,28.12272694,49.895160700000005,12.0,14.0,foundation_stock_service,0.4,weekly_brushing,0.6,seasonal,0.6,regular_exercise,0.8,easy_training,0.6,alert/responsive,172,3,tornjak also known bosnian herzegovinian croatian shepherd dog large powerful dog well proportioned agile shape body almost square standing moving strong harmonious well balanced coat long thick according study tornjak likely descendant tibetan mastiff area modern day iran environment created healthy strong watchdog modest need food shelter tornjaks friendly people aggressive towards animal dog threaten owner home sheep pen flock like work take command readily owner tornjak steady disposition friendly courageous obedient intelligent full dignity self confidence fierce guarding property entrusted bribed suspicious stranger devoted master calm presence affectionate towards people living immediate vicinity friendly courageous intelligent foundation_stock_service tornjak weekly_brushing seasonal regular_exercise easy_training alert/responsive
258,tosa,tosa quietly affectionate family may somewhat aloof stranger breed also nature watchful dog may react aggressively dog considers intruder overtly aggressive behavior towards human uncharacteristic breed short dense coat fawn red apricot black brindle also white marking chest foot addition tosas mature slowly individual dog may reach prime late four year age breed largest japanese dog breed also known tosa ken tosa dog tosa token tosa inu japanese fighting dog japanese mastiff tosa temperament marked patience composure boldness courage normally tranquil quiet obedient dog calm vigilant demeanor stately manner robust build formerly bred fighting used watchdog,fearless patient vigilant,,54.61,59.69,45.359237,90.718474,10.0,12.0,foundation_stock_service,0.2,occasional_bath/brush,0.4,occasional,0.4,calm,0.6,agreeable,0.4,reserved_with_strangers,165,3,tosa quietly affectionate family may somewhat aloof stranger breed also nature watchful dog may react aggressively dog considers intruder overtly aggressive behavior towards human uncharacteristic breed short dense coat fawn red apricot black brindle also white marking chest foot addition tosas mature slowly individual dog may reach prime late four year age breed largest japanese dog breed also known tosa ken tosa dog tosa token tosa inu japanese fighting dog japanese mastiff tosa temperament marked patience composure boldness courage normally tranquil quiet obedient dog calm vigilant demeanor stately manner robust build formerly bred fighting used watchdog fearless patient vigilant foundation_stock_service tosa occasional_bath/brush occasional calm agreeable reserved_with_strangers
259,toy_fox_terrier,surefire recipe fun take lovability lapdog combine terrier tenacity pour mixture beautifully balanced container wrap tight fitting satin coat top large erect ear dark eye sparkle eager intelligence toy fox terrier lithe sturdy little comedian standing foot tall packed enough charisma whole kennel ordinary dog breed admirer like say tfts truly toy terrier diminutive satin coated terrier amusing toy dog personality toy fox terrier breed fancier say truly toy terrier began barnyard ratter today beguiling companion big personality,friendly alert intelligent,111,21.59,29.21,1.587573295,3.17514659,13.0,15.0,toy_group,0.4,weekly_brushing,0.4,occasional,0.8,energetic,1.0,eager_to_please,0.8,friendly,123,3,surefire recipe fun take lovability lapdog combine terrier tenacity pour mixture beautifully balanced container wrap tight fitting satin coat top large erect ear dark eye sparkle eager intelligence toy fox terrier lithe sturdy little comedian standing foot tall packed enough charisma whole kennel ordinary dog breed admirer like say tfts truly toy terrier diminutive satin coated terrier amusing toy dog personality toy fox terrier breed fancier say truly toy terrier began barnyard ratter today beguiling companion big personality friendly alert intelligent toy_group toy_fox_terrier weekly_brushing occasional energetic eager_to_please friendly
260,transylvanian_hound,transylvanian hound ancient hungarian hunter created special climate terrain hunting condition whole appearance reflects nobility harmony due medium size body athletic lean muscular exaggerated movement balanced elegant basic nature calm balanced yet firm temperamental adaptable playful nature make ideal family favorite balance friendliness kept apartment house courage loyalty make good guard scent hound basic dog also used retrieval hunting group alone hear far ranging high ringing tone indicating direction game working far farm developed problem solving ability century become highly intelligent transylvanian hound good natured courageous enduring foundation quiet even also determined lively environmental condition carpathians made breed tough brave dog,courageous good natured determined,,55.88,66.04,24.947580350000003,24.947580350000003,10.0,14.0,foundation_stock_service,0.4,weekly_brushing,0.6,seasonal,1.0,needs_lots_of_activity,0.2,may_be_stubborn,0.6,friendly,172,3,transylvanian hound ancient hungarian hunter created special climate terrain hunting condition whole appearance reflects nobility harmony due medium size body athletic lean muscular exaggerated movement balanced elegant basic nature calm balanced yet firm temperamental adaptable playful nature make ideal family favorite balance friendliness kept apartment house courage loyalty make good guard scent hound basic dog also used retrieval hunting group alone hear far ranging high ringing tone indicating direction game working far farm developed problem solving ability century become highly intelligent transylvanian hound good natured courageous enduring foundation quiet even also determined lively environmental condition carpathians made breed tough brave dog courageous good natured determined foundation_stock_service transylvanian_hound weekly_brushing seasonal needs_lots_of_activity may_be_stubborn friendly
261,treeing_tennessee_brindle,treeing tennessee brindle originated united state notably area around appalachian ozark mountain bred cur dog focus great scenting power open trailer good voice retain uncanny ability tree kind game brindle colored smaller size shorter ear different conformation plott treeing tennessee brindles intelligent courageous companionable breed alert agile fast make wonderful hunting dog treeing tennessee brindle exceptionally sturdy healthy breed intelligent brave courageous loyal companion strong inbred instinct hunting breed bay hunt mean cry hunter,friendly alert intelligent,,40.64,60.96,13.6077711,22.6796185,10.0,12.0,foundation_stock_service,0.4,weekly_brushing,0.4,occasional,0.6,regular_exercise,0.6,agreeable,0.6,friendly,132,3,treeing tennessee brindle originated united state notably area around appalachian ozark mountain bred cur dog focus great scenting power open trailer good voice retain uncanny ability tree kind game brindle colored smaller size shorter ear different conformation plott treeing tennessee brindles intelligent courageous companionable breed alert agile fast make wonderful hunting dog treeing tennessee brindle exceptionally sturdy healthy breed intelligent brave courageous loyal companion strong inbred instinct hunting breed bay hunt mean cry hunter friendly alert intelligent foundation_stock_service treeing_tennessee_brindle weekly_brushing occasional regular_exercise agreeable friendly
262,treeing_walker_coonhound,thing quicken coon hunter pulse like sight swift tricolored hound full stride long muscular leg powerful propulsive hindquarter streamlined frame working cover maximum ground minimum effort later basking warmth campfire honest night work sweet faced hound look stir soul gentle pleading expression mercy pretty picture wonder treeing walker called people choice smart brave sensible hunter treeing walker coonhound genuine american favorite nicknamed people choice let name fool walker runner capable covering lot ground hurry,smart brave courteous,137,50.8,68.58,22.6796185,31.751465900000003,12.0,13.0,hound_group,0.2,occasional_bath/brush,0.6,seasonal,0.6,regular_exercise,0.4,independent,0.8,friendly,121,3,thing quicken coon hunter pulse like sight swift tricolored hound full stride long muscular leg powerful propulsive hindquarter streamlined frame working cover maximum ground minimum effort later basking warmth campfire honest night work sweet faced hound look stir soul gentle pleading expression mercy pretty picture wonder treeing walker called people choice smart brave sensible hunter treeing walker coonhound genuine american favorite nicknamed people choice let name fool walker runner capable covering lot ground hurry smart brave courteous hound_group treeing_walker_coonhound occasional_bath/brush seasonal regular_exercise independent friendly
263,vizsla,vizsla easily recognized sleek golden rust coat stand inch shoulder picture lean light footed hunter companion long silky ear frame facial expression sensitive loving around house intense work hunter expected work closely human vizsla form tight bond owner hate left alone athlete many talent vizsla excel various sport activity eager graceful trotter great stamen making ideal jogging biking companion expert breed tell u time encourage breed full use brain wasting good dog vizsla versatile red coated gundog built long day field century rugged elegant athlete pride hungarian sportsman popularity america increase passing year,affectionate gentle energetic,31,53.34,60.96,19.95806428,27.2155422,12.0,14.0,sporting_group,0.4,weekly_brushing,0.6,seasonal,0.8,energetic,1.0,eager_to_please,0.8,friendly,166,3,vizsla easily recognized sleek golden rust coat stand inch shoulder picture lean light footed hunter companion long silky ear frame facial expression sensitive loving around house intense work hunter expected work closely human vizsla form tight bond owner hate left alone athlete many talent vizsla excel various sport activity eager graceful trotter great stamen making ideal jogging biking companion expert breed tell u time encourage breed full use brain wasting good dog vizsla versatile red coated gundog built long day field century rugged elegant athlete pride hungarian sportsman popularity america increase passing year affectionate gentle energetic sporting_group vizsla weekly_brushing seasonal energetic eager_to_please friendly
264,weimaraner,instantly recognized distinctive silvery gray coat male weimaraner stand inch shoulder female inch properly bred weimaraner solid colored maybe small white spot chest face amber blue gray eye framed long velvety ear amiable intelligent overall breed present picture streamlined grace balance well conditioned weimaraner point breathtaking sight weimaraner excellent kid yearn full fledged family member easy grooming trainability loving nature attitude make excellent pet long owner committed keeping physically active mentally engaged weimaraner germany sleek swift gray ghost beloved hunter pet owner alike friendliness obedience beauty enjoy exercise plenty along lot quality time human,friendly fearless obedient,36,58.42,68.58,24.947580350000003,40.8233133,10.0,13.0,sporting_group,0.4,weekly_brushing,0.6,seasonal,1.0,needs_lots_of_activity,1.0,eager_to_please,0.8,friendly,153,3,instantly recognized distinctive silvery gray coat male weimaraner stand inch shoulder female inch properly bred weimaraner solid colored maybe small white spot chest face amber blue gray eye framed long velvety ear amiable intelligent overall breed present picture streamlined grace balance well conditioned weimaraner point breathtaking sight weimaraner excellent kid yearn full fledged family member easy grooming trainability loving nature attitude make excellent pet long owner committed keeping physically active mentally engaged weimaraner germany sleek swift gray ghost beloved hunter pet owner alike friendliness obedience beauty enjoy exercise plenty along lot quality time human friendly fearless obedient sporting_group weimaraner weekly_brushing seasonal needs_lots_of_activity eager_to_please friendly
265,welsh_springer_spaniel,standing inch shoulder welshies described fan handy size bigger stronger cocker spaniel smaller english springer welshies two hallmark distinguish spaniel uniquely tapered head eye catching coat bold red white pattern beautiful coat ornamental waterproof weatherproof thornproof suit enables welshies show renowned versatility climate terrain welsh springer spaniel vigorous medium sized bird dog happy disposition known versatility field companionability home dashing good look anywhere welshie among britain oldest sporting breed,happy reserved upbeat,128,43.18,48.26,15.875732950000002,24.947580350000003,12.0,15.0,sporting_group,0.4,weekly_brushing,0.6,seasonal,0.8,energetic,0.8,easy_training,0.8,friendly,117,3,standing inch shoulder welshies described fan handy size bigger stronger cocker spaniel smaller english springer welshies two hallmark distinguish spaniel uniquely tapered head eye catching coat bold red white pattern beautiful coat ornamental waterproof weatherproof thornproof suit enables welshies show renowned versatility climate terrain welsh springer spaniel vigorous medium sized bird dog happy disposition known versatility field companionability home dashing good look anywhere welshie among britain oldest sporting breed happy reserved upbeat sporting_group welsh_springer_spaniel weekly_brushing seasonal energetic easy_training friendly
266,welsh_terrier,sturdy compact rugged tight fitting black tan coat rectangular head featuring folded ear jaunty beard welsh constructed along classic line britain long legged terrier stand inch shoulder little larger lakeland terrier much smaller mighty airedale three breed however share family resemblance ancient breed called old english black tan terrier thought granddaddy british terrier welsh terrier alert spirited self respecting terrier bit calmer game quarrelsome breed fancier say welshman bred battle badger otter dangerous opponent,friendly spirited intelligent,107,38.1,38.1,9.0718474,9.0718474,12.0,15.0,terrier_group,0.6,2-3_times_a_week_brushing,0.4,occasional,0.8,energetic,0.6,agreeable,1.0,outgoing,122,3,sturdy compact rugged tight fitting black tan coat rectangular head featuring folded ear jaunty beard welsh constructed along classic line britain long legged terrier stand inch shoulder little larger lakeland terrier much smaller mighty airedale three breed however share family resemblance ancient breed called old english black tan terrier thought granddaddy british terrier welsh terrier alert spirited self respecting terrier bit calmer game quarrelsome breed fancier say welshman bred battle badger otter dangerous opponent friendly spirited intelligent terrier_group welsh_terrier 2-3_times_a_week_brushing occasional energetic agreeable outgoing
267,west_highland_white_terrier,standing inch shoulder dark piercing eye compact body carrot shaped tail wagging delight westie look irresistible beneath plush toy exterior though true working terrier gameness courage bred hunt rat underground rodent westies surprisingly strong tough white double coat hard touch soft fluffy alert active westies exhibit trait plucky self reliant ratting terrier require pampering chase anything move independence make training challenge thanks faithfulness keen intelligence westies train nicely time patience smart confident always entertaining play adorable west highland white terrier westie short charmed owner year diminutive sturdy earthdog among popular small terrier,loyal happy entertaining,42,25.4,27.94,6.80388555,9.0718474,13.0,15.0,terrier_group,0.8,daily_brushing,0.6,seasonal,0.6,regular_exercise,0.6,agreeable,0.8,friendly,151,3,standing inch shoulder dark piercing eye compact body carrot shaped tail wagging delight westie look irresistible beneath plush toy exterior though true working terrier gameness courage bred hunt rat underground rodent westies surprisingly strong tough white double coat hard touch soft fluffy alert active westies exhibit trait plucky self reliant ratting terrier require pampering chase anything move independence make training challenge thanks faithfulness keen intelligence westies train nicely time patience smart confident always entertaining play adorable west highland white terrier westie short charmed owner year diminutive sturdy earthdog among popular small terrier loyal happy entertaining terrier_group west_highland_white_terrier daily_brushing seasonal regular_exercise agreeable friendly
268,wetterhoun,wetterhoun although originally bred hunting otter make excellent companion watchdog excel variety sport due perseverant nature wetterhoun almost never seen apart owner enjoy company much owner enjoys,loyal good natured intelligent,,12.7,58.42,22.6796185,34.01942775,13.0,13.0,foundation_stock_service,0.2,occasional_bath/brush,0.4,occasional,0.6,regular_exercise,0.2,may_be_stubborn,0.4,reserved_with_strangers,47,3,wetterhoun although originally bred hunting otter make excellent companion watchdog excel variety sport due perseverant nature wetterhoun almost never seen apart owner enjoy company much owner enjoys loyal good natured intelligent foundation_stock_service wetterhoun occasional_bath/brush occasional regular_exercise may_be_stubborn reserved_with_strangers
269,whippet,somewhere inch shoulder whippet look like greyhound smaller whippet exhibit classic inverted line sighthound deep chest trim waist lean head supported long arched neck slim sturdy leg combine picture agile fleet footed athlete burst intense pursuit whippet love stretch relax long hour enjoying role loving loved companion whippet like fenced yard run nicely cozy apartment long exercised properly another plus city dweller whippet rarely bark despite breed elegant look whippet robust low maintenance dog sleek sweet faced whippet poor man racehorse lightning quick amiable dignified gentle soul give something chase business name whippet synonymous streamlined grace,affectionate playful calm,61,45.72,55.88,11.33980925,18.1436948,12.0,15.0,hound_group,0.2,occasional_bath/brush,0.4,occasional,0.6,regular_exercise,0.4,independent,0.4,reserved_with_strangers,160,3,somewhere inch shoulder whippet look like greyhound smaller whippet exhibit classic inverted line sighthound deep chest trim waist lean head supported long arched neck slim sturdy leg combine picture agile fleet footed athlete burst intense pursuit whippet love stretch relax long hour enjoying role loving loved companion whippet like fenced yard run nicely cozy apartment long exercised properly another plus city dweller whippet rarely bark despite breed elegant look whippet robust low maintenance dog sleek sweet faced whippet poor man racehorse lightning quick amiable dignified gentle soul give something chase business name whippet synonymous streamlined grace affectionate playful calm hound_group whippet occasional_bath/brush occasional regular_exercise independent reserved_with_strangers
270,wire_fox_terrier,wire fox terrier pound coiled energy sturdy symmetrical short backed hunter fire intelligence shining dark round eye predominantly white coat rough wiry v shaped ear neatly folded forward better point face distinctive completely irresistible expression wire delightful pet family looking upbeat friendly companion load personality terrier possess typical independence prey drive feisty canine clan smart companionable training challenge mean impossible excellent athlete natural comedian charming housemate wire long lived low shedding wire fox terrier breed standard say tip toe expectation slightest provocation mainstay traditional british foxhunt today wire handsome amusing companion master show dog,confident alert gregarious,101,38.1,38.1,6.80388555,8.164662660000001,12.0,15.0,terrier_group,0.4,weekly_brushing,0.2,infrequent,0.6,regular_exercise,0.6,agreeable,0.6,alert/responsive,149,3,wire fox terrier pound coiled energy sturdy symmetrical short backed hunter fire intelligence shining dark round eye predominantly white coat rough wiry v shaped ear neatly folded forward better point face distinctive completely irresistible expression wire delightful pet family looking upbeat friendly companion load personality terrier possess typical independence prey drive feisty canine clan smart companionable training challenge mean impossible excellent athlete natural comedian charming housemate wire long lived low shedding wire fox terrier breed standard say tip toe expectation slightest provocation mainstay traditional british foxhunt today wire handsome amusing companion master show dog confident alert gregarious terrier_group wire_fox_terrier weekly_brushing infrequent regular_exercise agreeable alert/responsive
271,wirehaired_pointing_griffon,griffs medium sized purpose gundogs standing higher inch shoulder known extremely harsh bristly coat give natural unkempt appearance preferred color steel gray brown marking lavish mustache eyebrow frame large rounded eye gleam keen intelligence griffs picture honest hardworking sporting dog whose handsome look result noble unaffected ruggedness rather fussy grooming hardworking wirehaired pointing griffon renowned supreme gundog known harsh low shedding coat breed named outgoing eager quick witted griffs incomparable field loving home,friendly devoted trainable,65,50.8,60.96,15.875732950000002,31.751465900000003,12.0,15.0,sporting_group,0.4,weekly_brushing,0.6,seasonal,1.0,needs_lots_of_activity,0.6,agreeable,0.6,alert/responsive,117,3,griffs medium sized purpose gundogs standing higher inch shoulder known extremely harsh bristly coat give natural unkempt appearance preferred color steel gray brown marking lavish mustache eyebrow frame large rounded eye gleam keen intelligence griffs picture honest hardworking sporting dog whose handsome look result noble unaffected ruggedness rather fussy grooming hardworking wirehaired pointing griffon renowned supreme gundog known harsh low shedding coat breed named outgoing eager quick witted griffs incomparable field loving home friendly devoted trainable sporting_group wirehaired_pointing_griffon weekly_brushing seasonal needs_lots_of_activity agreeable alert/responsive
272,wirehaired_vizsla,wv close relative vizsla distinctly separate breed key distinguishing feature coat type unlike sleek vizsla wv dense wiry coat shaggy beard eyebrow setting bright lively expression vizsla breed classified medium sized ideal wv stand shade taller bit heavier smooth coat cousin two breed share striking red coloring golden rust nose eye smartly complement coat wirehaired vizsla exuberant hunter land lake whose dense wiry coat distinguishes close cousin vizsla calm gentle around house upbeat hungarian like running swimming upbeat play,gentle loyal trainable,167,54.61,63.5,20.41165665,29.48350405,12.0,14.0,sporting_group,0.2,occasional_bath/brush,0.6,seasonal,0.8,energetic,0.6,agreeable,0.6,alert/responsive,122,3,wv close relative vizsla distinctly separate breed key distinguishing feature coat type unlike sleek vizsla wv dense wiry coat shaggy beard eyebrow setting bright lively expression vizsla breed classified medium sized ideal wv stand shade taller bit heavier smooth coat cousin two breed share striking red coloring golden rust nose eye smartly complement coat wirehaired vizsla exuberant hunter land lake whose dense wiry coat distinguishes close cousin vizsla calm gentle around house upbeat hungarian like running swimming upbeat play gentle loyal trainable sporting_group wirehaired_vizsla occasional_bath/brush seasonal energetic agreeable alert/responsive
273,working_kelpie,overall appearance working kelpie medium sized lithe active strongly muscled dog conveying capability untiring work successfully used manage variety stock including reindeer goat cattle course sheep kelpy sweden gained police dog title pulled sled also widely used search rescue dog kelpy need companionship though content stay hour chain also need time day need exercise walk game ball stick one expect dog bred work stay outside house without mental physical stimulation inevitably set looking occupation could include chasing car trying work would control sheep working kelpie make fine family dog get along well child naturally gentle almost working kelpy live peaceably family pet working kelpie extremely alert eager highly intelligent possesses open friendly active placid disposition good balance keenness work ability relax almost inexhaustible energy working kelpie marked loyalty devotion work strongly inherited natural instinct aptitude working sheep livestock open country yard,alert eager intelligent,,48.26,63.5,12.70058636,27.2155422,12.0,15.0,foundation_stock_service,0.2,occasional_bath/brush,0.6,seasonal,0.8,energetic,0.4,independent,0.6,alert/responsive,245,3,overall appearance working kelpie medium sized lithe active strongly muscled dog conveying capability untiring work successfully used manage variety stock including reindeer goat cattle course sheep kelpy sweden gained police dog title pulled sled also widely used search rescue dog kelpy need companionship though content stay hour chain also need time day need exercise walk game ball stick one expect dog bred work stay outside house without mental physical stimulation inevitably set looking occupation could include chasing car trying work would control sheep working kelpie make fine family dog get along well child naturally gentle almost working kelpy live peaceably family pet working kelpie extremely alert eager highly intelligent possesses open friendly active placid disposition good balance keenness work ability relax almost inexhaustible energy working kelpie marked loyalty devotion work strongly inherited natural instinct aptitude working sheep livestock open country yard alert eager intelligent foundation_stock_service working_kelpie occasional_bath/brush seasonal energetic independent alert/responsive
274,xoloitzcuintli,xoloitzcuintli show low eats queen tlee come three size toy miniature standard two variety hairless coated hairless tough smooth close fitting skin coated variety covered short flat coat variety come dark color ranging black gray black slate red liver bronze face thoughtful intelligent xolo forehead wrinkle deep thought xolo graceful elegant body surprisingly strong rugged year old xoloitzcuintli pronounced show low eats queent lee ancient aztec dog god today loving companion vigilant watchdog alert loyal xolo come three size either hairless coated variety,loyal alert calm,140,25.4,58.42,4.535923700000001,24.947580350000003,13.0,18.0,non-sporting_group,0.2,occasional_bath/brush,0.2,infrequent,0.8,energetic,0.6,agreeable,0.6,alert/responsive,113,3,xoloitzcuintli show low eats queen tlee come three size toy miniature standard two variety hairless coated hairless tough smooth close fitting skin coated variety covered short flat coat variety come dark color ranging black gray black slate red liver bronze face thoughtful intelligent xolo forehead wrinkle deep thought xolo graceful elegant body surprisingly strong rugged year old xoloitzcuintli pronounced show low eats queent lee ancient aztec dog god today loving companion vigilant watchdog alert loyal xolo come three size either hairless coated variety loyal alert calm non-sporting_group xoloitzcuintli occasional_bath/brush infrequent energetic agreeable alert/responsive
275,yakutian_laika,century yakutian laika irreplaceable faithful assistant man condition slightest demonstration weakness punished death always received respectful attitude human family treated member rather simple domestic animal mean developed fabulous companion dog devoted lively biddable breed extremely gentle considerate child commonly establishes especially tight bond nevertheless friendly nature exclude necessity certain amount socialization preferably early age yakutian laika slightly reserved unknown people case excited acquire new playmate human aggressiveness considered dog breeder major fault meticulously eliminated characteristic breed endowed sensitive nose ear make rather capable watchdog however barking mean show anticipation perspective making new acquaintance dog likely fail role guardian due friendly nature yakutian laikas used pull narta sled close collaboration dozen dog quite accepting dog breed surely prefers one several constant canine companion introduced issue household pre existing dog although performed necessary caution second primary duty breed hunting preserve much prey drive communication small average sized animal never go unsupervised yakutian laika likely get home cat reared together yakutian laikas used herding pulling sled hunting developed ancient time native yakutia indispensable assistant versatile dog happy side participating agility coursing ability herding sledding,affectionate intelligent active,,53.34,58.42,18.1436948,24.947580350000003,10.0,12.0,foundation_stock_service,0.4,weekly_brushing,0.6,seasonal,0.8,energetic,0.2,may_be_stubborn,0.4,reserved_with_strangers,337,3,century yakutian laika irreplaceable faithful assistant man condition slightest demonstration weakness punished death always received respectful attitude human family treated member rather simple domestic animal mean developed fabulous companion dog devoted lively biddable breed extremely gentle considerate child commonly establishes especially tight bond nevertheless friendly nature exclude necessity certain amount socialization preferably early age yakutian laika slightly reserved unknown people case excited acquire new playmate human aggressiveness considered dog breeder major fault meticulously eliminated characteristic breed endowed sensitive nose ear make rather capable watchdog however barking mean show anticipation perspective making new acquaintance dog likely fail role guardian due friendly nature yakutian laikas used pull narta sled close collaboration dozen dog quite accepting dog breed surely prefers one several constant canine companion introduced issue household pre existing dog although performed necessary caution second primary duty breed hunting preserve much prey drive communication small average sized animal never go unsupervised yakutian laika likely get home cat reared together yakutian laikas used herding pulling sled hunting developed ancient time native yakutia indispensable assistant versatile dog happy side participating agility coursing ability herding sledding affectionate intelligent active foundation_stock_service yakutian_laika weekly_brushing seasonal energetic may_be_stubborn reserved_with_strangers
276,yorkshire_terrier,yorkshire terrier compact toy size terrier seven pound whose crowning glory floor length silky coat steel blue rich golden tan let yorkie daintiness fool tenacious feisty brave sometimes bossy yorkie exhibit trait true terrier often named popular dog breed various american city yorkies pack lot big town attitude small self important package favorite urbanites world yorkies long lived low allergen coat like human hair animal fur make fine little watchdog true personality breed providing year laugh love close companionship beneath dainty glossy floor length coat yorkshire terrier beat heart feisty old time terrier yorkies earned living ratter mine mill long became beribboned lapdog victorian lady,affectionate sprightly tomboyish,10,17.78,20.32,3.17514659,3.17514659,11.0,15.0,toy_group,1.0,specialty/professional,0.2,infrequent,0.6,regular_exercise,0.2,may_be_stubborn,0.8,friendly,155,3,yorkshire terrier compact toy size terrier seven pound whose crowning glory floor length silky coat steel blue rich golden tan let yorkie daintiness fool tenacious feisty brave sometimes bossy yorkie exhibit trait true terrier often named popular dog breed various american city yorkies pack lot big town attitude small self important package favorite urbanites world yorkies long lived low allergen coat like human hair animal fur make fine little watchdog true personality breed providing year laugh love close companionship beneath dainty glossy floor length coat yorkshire terrier beat heart feisty old time terrier yorkies earned living ratter mine mill long became beribboned lapdog victorian lady affectionate sprightly tomboyish toy_group yorkshire_terrier specialty/professional infrequent regular_exercise may_be_stubborn friendly
